bed72c83-3a21-456e-9eac-f2cbd1049359,Emerson
a12b66bb-426e-4607-bf80-b60bc10d2047,Skyler
bc6396d5-3b43-45db-a9ef-6c1ee046f235,Charlie
f41465c1-8a8f-49fb-9777-5d85396e5b52,Taylor
a5531d3a-b0ab-4863-93a5-ab2986b9587c,Charlie
81e08b65-fb31-4c42-a9c6-e827132b1914,Riley
e6635792-d4bb-4b79-bd02-b679dabd6684,Morgan
0bc36a34-40fa-405f-af44-ef048fd0118f,Taylor
543c3884-cc7f-41cb-96cf-27707d411c40,Jordan
404f5520-c326-4dbd-b8a1-d4fe014982d5,Quinn
d3817880-4a85-4928-8f28-163a494465cc,Jordan
66503c8a-353a-46eb-adce-207a9a04d400,Taylor
74370e04-8bde-43f9-b8bd-cabbf1e0b496,Morgan
19b79f04-d7e7-4b2c-8879-69847ca62598,Casey
bd946908-73db-441b-813c-7c5a2072c937,Skyler
9ce01a49-88f3-4d92-9599-81a42bdb1210,Casey
9d643e88-4272-4c06-9781-a8f4eb1af3aa,Quinn
8da0c096-a8d2-4861-bc8e-b3bbeacd97ba,Riley
bebf1b2a-6772-4f76-9307-a75440671fa3,Morgan
e3269943-e35c-4259-ba1d-1d527ecd5aeb,Quinn
5baa763a-887b-477d-a51c-a29dffc6b15e,Charlie
87e3b09d-9dda-43cc-81be-a00cc418520a,Riley
0c33c37a-b1d5-4a25-a60c-0b76cc9560c7,Alex
98e73799-3dc7-4e6b-84f5-44693d62dffd,Jordan
00e50fe4-0b35-4d65-acac-448b711d3479,Alex
86a91cd4-17d5-4ed3-b7bc-c8a8bf72fa89,Casey
4fcf455a-09fb-43ba-a73e-98f1b1a961ee,Skyler
d7cec5ba-8951-48a3-8427-6bb1d116b3d9,Emerson
5c91d2c6-5881-4ce4-9e97-b96dc87488a2,Alex
350c3473-2e81-4355-95a3-748b2f74d16b,Emerson
