bc6396d5-3b43-45db-a9ef-6c1ee046f235,SNACK-004
bc6396d5-3b43-45db-a9ef-6c1ee046f235,MAIN-002
bc6396d5-3b43-45db-a9ef-6c1ee046f235,DRINK-004
bc6396d5-3b43-45db-a9ef-6c1ee046f235,MAIN-003
bc6396d5-3b43-45db-a9ef-6c1ee046f235,SNACK-004
bc6396d5-3b43-45db-a9ef-6c1ee046f235,DRINK-005
bc6396d5-3b43-45db-a9ef-6c1ee046f235,SNACK-004
bc6396d5-3b43-45db-a9ef-6c1ee046f235,DRINK-002
bc6396d5-3b43-45db-a9ef-6c1ee046f235,MAIN-001
bc6396d5-3b43-45db-a9ef-6c1ee046f235,DRINK-005
bc6396d5-3b43-45db-a9ef-6c1ee046f235,MAIN-004
bc6396d5-3b43-45db-a9ef-6c1ee046f235,SNACK-004
bc6396d5-3b43-45db-a9ef-6c1ee046f235,DRINK-004
bc6396d5-3b43-45db-a9ef-6c1ee046f235,DRINK-005
bc6396d5-3b43-45db-a9ef-6c1ee046f235,DRINK-001
bc6396d5-3b43-45db-a9ef-6c1ee046f235,SNACK-003
bc6396d5-3b43-45db-a9ef-6c1ee046f235,DRINK-003
bc6396d5-3b43-45db-a9ef-6c1ee046f235,DRINK-005
bc6396d5-3b43-45db-a9ef-6c1ee046f235,DRINK-001
bc6396d5-3b43-45db-a9ef-6c1ee046f235,MAIN-004
bc6396d5-3b43-45db-a9ef-6c1ee046f235,SNACK-004
bc6396d5-3b43-45db-a9ef-6c1ee046f235,DRINK-002
bc6396d5-3b43-45db-a9ef-6c1ee046f235,DRINK-001
bc6396d5-3b43-45db-a9ef-6c1ee046f235,MAIN-005
bc6396d5-3b43-45db-a9ef-6c1ee046f235,DRINK-004
bc6396d5-3b43-45db-a9ef-6c1ee046f235,DRINK-001
bc6396d5-3b43-45db-a9ef-6c1ee046f235,MAIN-004
bc6396d5-3b43-45db-a9ef-6c1ee046f235,DRINK-003
bc6396d5-3b43-45db-a9ef-6c1ee046f235,MAIN-001
bc6396d5-3b43-45db-a9ef-6c1ee046f235,DRINK-004
bc6396d5-3b43-45db-a9ef-6c1ee046f235,MAIN-005
bc6396d5-3b43-45db-a9ef-6c1ee046f235,DRINK-005
bc6396d5-3b43-45db-a9ef-6c1ee046f235,SNACK-003
bc6396d5-3b43-45db-a9ef-6c1ee046f235,DRINK-003
bc6396d5-3b43-45db-a9ef-6c1ee046f235,MAIN-005
bc6396d5-3b43-45db-a9ef-6c1ee046f235,MAIN-003
bc6396d5-3b43-45db-a9ef-6c1ee046f235,MAIN-004
bc6396d5-3b43-45db-a9ef-6c1ee046f235,SNACK-003
bc6396d5-3b43-45db-a9ef-6c1ee046f235,SNACK-001
bc6396d5-3b43-45db-a9ef-6c1ee046f235,SNACK-003
bc6396d5-3b43-45db-a9ef-6c1ee046f235,SNACK-005
bc6396d5-3b43-45db-a9ef-6c1ee046f235,MAIN-004
bc6396d5-3b43-45db-a9ef-6c1ee046f235,MAIN-002
bc6396d5-3b43-45db-a9ef-6c1ee046f235,DRINK-001
bc6396d5-3b43-45db-a9ef-6c1ee046f235,MAIN-003
bc6396d5-3b43-45db-a9ef-6c1ee046f235,MAIN-003
bc6396d5-3b43-45db-a9ef-6c1ee046f235,MAIN-004
bc6396d5-3b43-45db-a9ef-6c1ee046f235,MAIN-002
bc6396d5-3b43-45db-a9ef-6c1ee046f235,MAIN-003
bc6396d5-3b43-45db-a9ef-6c1ee046f235,SNACK-001
bc6396d5-3b43-45db-a9ef-6c1ee046f235,MAIN-005
bc6396d5-3b43-45db-a9ef-6c1ee046f235,SNACK-005
bc6396d5-3b43-45db-a9ef-6c1ee046f235,DRINK-005
bc6396d5-3b43-45db-a9ef-6c1ee046f235,DRINK-001
bc6396d5-3b43-45db-a9ef-6c1ee046f235,DRINK-001
bc6396d5-3b43-45db-a9ef-6c1ee046f235,SNACK-005
bc6396d5-3b43-45db-a9ef-6c1ee046f235,MAIN-002
bc6396d5-3b43-45db-a9ef-6c1ee046f235,DRINK-002
bc6396d5-3b43-45db-a9ef-6c1ee046f235,SNACK-003
bc6396d5-3b43-45db-a9ef-6c1ee046f235,MAIN-003
bc6396d5-3b43-45db-a9ef-6c1ee046f235,MAIN-003
bc6396d5-3b43-45db-a9ef-6c1ee046f235,MAIN-002
bc6396d5-3b43-45db-a9ef-6c1ee046f235,DRINK-003
bc6396d5-3b43-45db-a9ef-6c1ee046f235,SNACK-002
bc6396d5-3b43-45db-a9ef-6c1ee046f235,DRINK-003
bc6396d5-3b43-45db-a9ef-6c1ee046f235,SNACK-005
bc6396d5-3b43-45db-a9ef-6c1ee046f235,DRINK-004
bc6396d5-3b43-45db-a9ef-6c1ee046f235,MAIN-004
bc6396d5-3b43-45db-a9ef-6c1ee046f235,MAIN-004
bc6396d5-3b43-45db-a9ef-6c1ee046f235,SNACK-003
bc6396d5-3b43-45db-a9ef-6c1ee046f235,DRINK-001
bc6396d5-3b43-45db-a9ef-6c1ee046f235,DRINK-005
bc6396d5-3b43-45db-a9ef-6c1ee046f235,DRINK-005
bc6396d5-3b43-45db-a9ef-6c1ee046f235,DRINK-004
a5531d3a-b0ab-4863-93a5-ab2986b9587c,MAIN-001
a5531d3a-b0ab-4863-93a5-ab2986b9587c,DRINK-001
a5531d3a-b0ab-4863-93a5-ab2986b9587c,MAIN-005
a5531d3a-b0ab-4863-93a5-ab2986b9587c,MAIN-004
a5531d3a-b0ab-4863-93a5-ab2986b9587c,DRINK-003
a5531d3a-b0ab-4863-93a5-ab2986b9587c,MAIN-001
a5531d3a-b0ab-4863-93a5-ab2986b9587c,DRINK-004
a5531d3a-b0ab-4863-93a5-ab2986b9587c,DRINK-005
a5531d3a-b0ab-4863-93a5-ab2986b9587c,SNACK-004
a5531d3a-b0ab-4863-93a5-ab2986b9587c,SNACK-002
a5531d3a-b0ab-4863-93a5-ab2986b9587c,SNACK-002
a5531d3a-b0ab-4863-93a5-ab2986b9587c,SNACK-004
a5531d3a-b0ab-4863-93a5-ab2986b9587c,DRINK-005
a5531d3a-b0ab-4863-93a5-ab2986b9587c,DRINK-002
a5531d3a-b0ab-4863-93a5-ab2986b9587c,SNACK-001
a5531d3a-b0ab-4863-93a5-ab2986b9587c,SNACK-002
a5531d3a-b0ab-4863-93a5-ab2986b9587c,MAIN-003
a5531d3a-b0ab-4863-93a5-ab2986b9587c,DRINK-002
a5531d3a-b0ab-4863-93a5-ab2986b9587c,DRINK-004
a5531d3a-b0ab-4863-93a5-ab2986b9587c,MAIN-005
a5531d3a-b0ab-4863-93a5-ab2986b9587c,SNACK-003
a5531d3a-b0ab-4863-93a5-ab2986b9587c,SNACK-003
a5531d3a-b0ab-4863-93a5-ab2986b9587c,MAIN-001
a5531d3a-b0ab-4863-93a5-ab2986b9587c,MAIN-004
a5531d3a-b0ab-4863-93a5-ab2986b9587c,DRINK-003
a5531d3a-b0ab-4863-93a5-ab2986b9587c,SNACK-002
a5531d3a-b0ab-4863-93a5-ab2986b9587c,DRINK-003
a5531d3a-b0ab-4863-93a5-ab2986b9587c,DRINK-004
a5531d3a-b0ab-4863-93a5-ab2986b9587c,DRINK-001
a5531d3a-b0ab-4863-93a5-ab2986b9587c,DRINK-005
a5531d3a-b0ab-4863-93a5-ab2986b9587c,MAIN-003
a5531d3a-b0ab-4863-93a5-ab2986b9587c,MAIN-001
a5531d3a-b0ab-4863-93a5-ab2986b9587c,DRINK-004
a5531d3a-b0ab-4863-93a5-ab2986b9587c,MAIN-004
543c3884-cc7f-41cb-96cf-27707d411c40,DRINK-005
543c3884-cc7f-41cb-96cf-27707d411c40,MAIN-005
543c3884-cc7f-41cb-96cf-27707d411c40,MAIN-001
543c3884-cc7f-41cb-96cf-27707d411c40,DRINK-005
543c3884-cc7f-41cb-96cf-27707d411c40,DRINK-005
543c3884-cc7f-41cb-96cf-27707d411c40,MAIN-002
543c3884-cc7f-41cb-96cf-27707d411c40,DRINK-005
543c3884-cc7f-41cb-96cf-27707d411c40,MAIN-002
543c3884-cc7f-41cb-96cf-27707d411c40,MAIN-002
543c3884-cc7f-41cb-96cf-27707d411c40,MAIN-004
543c3884-cc7f-41cb-96cf-27707d411c40,MAIN-002
543c3884-cc7f-41cb-96cf-27707d411c40,MAIN-003
543c3884-cc7f-41cb-96cf-27707d411c40,MAIN-004
543c3884-cc7f-41cb-96cf-27707d411c40,DRINK-003
543c3884-cc7f-41cb-96cf-27707d411c40,MAIN-002
543c3884-cc7f-41cb-96cf-27707d411c40,MAIN-001
543c3884-cc7f-41cb-96cf-27707d411c40,SNACK-003
543c3884-cc7f-41cb-96cf-27707d411c40,SNACK-001
543c3884-cc7f-41cb-96cf-27707d411c40,MAIN-003
543c3884-cc7f-41cb-96cf-27707d411c40,SNACK-002
543c3884-cc7f-41cb-96cf-27707d411c40,MAIN-001
543c3884-cc7f-41cb-96cf-27707d411c40,SNACK-004
543c3884-cc7f-41cb-96cf-27707d411c40,DRINK-004
543c3884-cc7f-41cb-96cf-27707d411c40,MAIN-001
543c3884-cc7f-41cb-96cf-27707d411c40,DRINK-002
543c3884-cc7f-41cb-96cf-27707d411c40,SNACK-005
543c3884-cc7f-41cb-96cf-27707d411c40,MAIN-004
543c3884-cc7f-41cb-96cf-27707d411c40,SNACK-004
543c3884-cc7f-41cb-96cf-27707d411c40,MAIN-002
543c3884-cc7f-41cb-96cf-27707d411c40,MAIN-005
543c3884-cc7f-41cb-96cf-27707d411c40,MAIN-002
543c3884-cc7f-41cb-96cf-27707d411c40,SNACK-004
543c3884-cc7f-41cb-96cf-27707d411c40,SNACK-003
543c3884-cc7f-41cb-96cf-27707d411c40,MAIN-002
543c3884-cc7f-41cb-96cf-27707d411c40,MAIN-005
543c3884-cc7f-41cb-96cf-27707d411c40,MAIN-003
543c3884-cc7f-41cb-96cf-27707d411c40,MAIN-005
543c3884-cc7f-41cb-96cf-27707d411c40,DRINK-003
543c3884-cc7f-41cb-96cf-27707d411c40,DRINK-003
543c3884-cc7f-41cb-96cf-27707d411c40,DRINK-001
543c3884-cc7f-41cb-96cf-27707d411c40,DRINK-001
543c3884-cc7f-41cb-96cf-27707d411c40,MAIN-004
543c3884-cc7f-41cb-96cf-27707d411c40,DRINK-005
543c3884-cc7f-41cb-96cf-27707d411c40,DRINK-004
543c3884-cc7f-41cb-96cf-27707d411c40,DRINK-001
543c3884-cc7f-41cb-96cf-27707d411c40,DRINK-002
543c3884-cc7f-41cb-96cf-27707d411c40,SNACK-005
543c3884-cc7f-41cb-96cf-27707d411c40,SNACK-002
543c3884-cc7f-41cb-96cf-27707d411c40,DRINK-002
543c3884-cc7f-41cb-96cf-27707d411c40,SNACK-002
543c3884-cc7f-41cb-96cf-27707d411c40,DRINK-002
543c3884-cc7f-41cb-96cf-27707d411c40,MAIN-005
543c3884-cc7f-41cb-96cf-27707d411c40,MAIN-005
543c3884-cc7f-41cb-96cf-27707d411c40,SNACK-003
543c3884-cc7f-41cb-96cf-27707d411c40,MAIN-002
543c3884-cc7f-41cb-96cf-27707d411c40,DRINK-005
543c3884-cc7f-41cb-96cf-27707d411c40,MAIN-004
543c3884-cc7f-41cb-96cf-27707d411c40,SNACK-004
543c3884-cc7f-41cb-96cf-27707d411c40,SNACK-001
543c3884-cc7f-41cb-96cf-27707d411c40,MAIN-002
543c3884-cc7f-41cb-96cf-27707d411c40,SNACK-003
543c3884-cc7f-41cb-96cf-27707d411c40,MAIN-005
543c3884-cc7f-41cb-96cf-27707d411c40,DRINK-002
543c3884-cc7f-41cb-96cf-27707d411c40,DRINK-001
543c3884-cc7f-41cb-96cf-27707d411c40,SNACK-002
543c3884-cc7f-41cb-96cf-27707d411c40,MAIN-004
543c3884-cc7f-41cb-96cf-27707d411c40,MAIN-005
543c3884-cc7f-41cb-96cf-27707d411c40,SNACK-003
543c3884-cc7f-41cb-96cf-27707d411c40,DRINK-002
543c3884-cc7f-41cb-96cf-27707d411c40,SNACK-005
543c3884-cc7f-41cb-96cf-27707d411c40,MAIN-005
543c3884-cc7f-41cb-96cf-27707d411c40,MAIN-001
543c3884-cc7f-41cb-96cf-27707d411c40,DRINK-001
543c3884-cc7f-41cb-96cf-27707d411c40,SNACK-005
543c3884-cc7f-41cb-96cf-27707d411c40,DRINK-001
543c3884-cc7f-41cb-96cf-27707d411c40,SNACK-001
543c3884-cc7f-41cb-96cf-27707d411c40,MAIN-001
543c3884-cc7f-41cb-96cf-27707d411c40,SNACK-005
543c3884-cc7f-41cb-96cf-27707d411c40,MAIN-001
543c3884-cc7f-41cb-96cf-27707d411c40,DRINK-004
543c3884-cc7f-41cb-96cf-27707d411c40,DRINK-005
543c3884-cc7f-41cb-96cf-27707d411c40,SNACK-002
543c3884-cc7f-41cb-96cf-27707d411c40,MAIN-001
543c3884-cc7f-41cb-96cf-27707d411c40,MAIN-005
543c3884-cc7f-41cb-96cf-27707d411c40,MAIN-003
543c3884-cc7f-41cb-96cf-27707d411c40,DRINK-003
543c3884-cc7f-41cb-96cf-27707d411c40,SNACK-004
543c3884-cc7f-41cb-96cf-27707d411c40,SNACK-001
74370e04-8bde-43f9-b8bd-cabbf1e0b496,DRINK-004
74370e04-8bde-43f9-b8bd-cabbf1e0b496,SNACK-004
74370e04-8bde-43f9-b8bd-cabbf1e0b496,SNACK-003
74370e04-8bde-43f9-b8bd-cabbf1e0b496,DRINK-001
74370e04-8bde-43f9-b8bd-cabbf1e0b496,DRINK-004
74370e04-8bde-43f9-b8bd-cabbf1e0b496,SNACK-001
74370e04-8bde-43f9-b8bd-cabbf1e0b496,MAIN-003
74370e04-8bde-43f9-b8bd-cabbf1e0b496,MAIN-001
74370e04-8bde-43f9-b8bd-cabbf1e0b496,MAIN-005
74370e04-8bde-43f9-b8bd-cabbf1e0b496,SNACK-003
74370e04-8bde-43f9-b8bd-cabbf1e0b496,MAIN-002
74370e04-8bde-43f9-b8bd-cabbf1e0b496,SNACK-005
74370e04-8bde-43f9-b8bd-cabbf1e0b496,SNACK-005
74370e04-8bde-43f9-b8bd-cabbf1e0b496,SNACK-005
74370e04-8bde-43f9-b8bd-cabbf1e0b496,MAIN-005
74370e04-8bde-43f9-b8bd-cabbf1e0b496,MAIN-002
74370e04-8bde-43f9-b8bd-cabbf1e0b496,DRINK-002
74370e04-8bde-43f9-b8bd-cabbf1e0b496,MAIN-004
74370e04-8bde-43f9-b8bd-cabbf1e0b496,SNACK-001
74370e04-8bde-43f9-b8bd-cabbf1e0b496,SNACK-005
74370e04-8bde-43f9-b8bd-cabbf1e0b496,MAIN-002
74370e04-8bde-43f9-b8bd-cabbf1e0b496,MAIN-001
74370e04-8bde-43f9-b8bd-cabbf1e0b496,MAIN-002
74370e04-8bde-43f9-b8bd-cabbf1e0b496,SNACK-004
74370e04-8bde-43f9-b8bd-cabbf1e0b496,SNACK-002
d3817880-4a85-4928-8f28-163a494465cc,DRINK-002
d3817880-4a85-4928-8f28-163a494465cc,DRINK-004
d3817880-4a85-4928-8f28-163a494465cc,SNACK-002
d3817880-4a85-4928-8f28-163a494465cc,SNACK-005
d3817880-4a85-4928-8f28-163a494465cc,MAIN-002
d3817880-4a85-4928-8f28-163a494465cc,DRINK-004
d3817880-4a85-4928-8f28-163a494465cc,SNACK-002
d3817880-4a85-4928-8f28-163a494465cc,SNACK-005
d3817880-4a85-4928-8f28-163a494465cc,MAIN-002
d3817880-4a85-4928-8f28-163a494465cc,SNACK-001
d3817880-4a85-4928-8f28-163a494465cc,DRINK-004
d3817880-4a85-4928-8f28-163a494465cc,DRINK-001
d3817880-4a85-4928-8f28-163a494465cc,DRINK-004
d3817880-4a85-4928-8f28-163a494465cc,MAIN-005
d3817880-4a85-4928-8f28-163a494465cc,DRINK-005
d3817880-4a85-4928-8f28-163a494465cc,SNACK-004
d3817880-4a85-4928-8f28-163a494465cc,DRINK-005
d3817880-4a85-4928-8f28-163a494465cc,DRINK-004
d3817880-4a85-4928-8f28-163a494465cc,SNACK-003
d3817880-4a85-4928-8f28-163a494465cc,DRINK-004
d3817880-4a85-4928-8f28-163a494465cc,MAIN-005
d3817880-4a85-4928-8f28-163a494465cc,MAIN-002
d3817880-4a85-4928-8f28-163a494465cc,SNACK-001
d3817880-4a85-4928-8f28-163a494465cc,SNACK-003
d3817880-4a85-4928-8f28-163a494465cc,SNACK-004
d3817880-4a85-4928-8f28-163a494465cc,DRINK-001
d3817880-4a85-4928-8f28-163a494465cc,MAIN-003
d3817880-4a85-4928-8f28-163a494465cc,MAIN-001
d3817880-4a85-4928-8f28-163a494465cc,MAIN-004
d3817880-4a85-4928-8f28-163a494465cc,SNACK-005
d3817880-4a85-4928-8f28-163a494465cc,SNACK-004
d3817880-4a85-4928-8f28-163a494465cc,MAIN-001
d3817880-4a85-4928-8f28-163a494465cc,SNACK-001
d3817880-4a85-4928-8f28-163a494465cc,MAIN-002
d3817880-4a85-4928-8f28-163a494465cc,SNACK-001
d3817880-4a85-4928-8f28-163a494465cc,SNACK-001
d3817880-4a85-4928-8f28-163a494465cc,MAIN-004
d3817880-4a85-4928-8f28-163a494465cc,SNACK-001
d3817880-4a85-4928-8f28-163a494465cc,DRINK-003
d3817880-4a85-4928-8f28-163a494465cc,SNACK-003
d3817880-4a85-4928-8f28-163a494465cc,SNACK-001
d3817880-4a85-4928-8f28-163a494465cc,SNACK-004
d3817880-4a85-4928-8f28-163a494465cc,MAIN-001
d3817880-4a85-4928-8f28-163a494465cc,SNACK-001
d3817880-4a85-4928-8f28-163a494465cc,DRINK-002
d3817880-4a85-4928-8f28-163a494465cc,MAIN-004
d7cec5ba-8951-48a3-8427-6bb1d116b3d9,SNACK-004
d7cec5ba-8951-48a3-8427-6bb1d116b3d9,SNACK-003
00e50fe4-0b35-4d65-acac-448b711d3479,DRINK-003
00e50fe4-0b35-4d65-acac-448b711d3479,MAIN-004
00e50fe4-0b35-4d65-acac-448b711d3479,MAIN-001
00e50fe4-0b35-4d65-acac-448b711d3479,MAIN-003
00e50fe4-0b35-4d65-acac-448b711d3479,DRINK-002
00e50fe4-0b35-4d65-acac-448b711d3479,DRINK-005
00e50fe4-0b35-4d65-acac-448b711d3479,MAIN-004
00e50fe4-0b35-4d65-acac-448b711d3479,MAIN-003
00e50fe4-0b35-4d65-acac-448b711d3479,DRINK-003
00e50fe4-0b35-4d65-acac-448b711d3479,MAIN-002
00e50fe4-0b35-4d65-acac-448b711d3479,DRINK-002
00e50fe4-0b35-4d65-acac-448b711d3479,SNACK-005
00e50fe4-0b35-4d65-acac-448b711d3479,MAIN-002
00e50fe4-0b35-4d65-acac-448b711d3479,DRINK-002
00e50fe4-0b35-4d65-acac-448b711d3479,MAIN-004
00e50fe4-0b35-4d65-acac-448b711d3479,SNACK-002
00e50fe4-0b35-4d65-acac-448b711d3479,MAIN-005
00e50fe4-0b35-4d65-acac-448b711d3479,SNACK-004
00e50fe4-0b35-4d65-acac-448b711d3479,SNACK-002
00e50fe4-0b35-4d65-acac-448b711d3479,DRINK-005
00e50fe4-0b35-4d65-acac-448b711d3479,SNACK-002
00e50fe4-0b35-4d65-acac-448b711d3479,DRINK-002
00e50fe4-0b35-4d65-acac-448b711d3479,MAIN-001
00e50fe4-0b35-4d65-acac-448b711d3479,DRINK-002
00e50fe4-0b35-4d65-acac-448b711d3479,MAIN-003
00e50fe4-0b35-4d65-acac-448b711d3479,MAIN-003
00e50fe4-0b35-4d65-acac-448b711d3479,MAIN-004
00e50fe4-0b35-4d65-acac-448b711d3479,SNACK-002
00e50fe4-0b35-4d65-acac-448b711d3479,SNACK-003
00e50fe4-0b35-4d65-acac-448b711d3479,DRINK-005
00e50fe4-0b35-4d65-acac-448b711d3479,SNACK-002
00e50fe4-0b35-4d65-acac-448b711d3479,DRINK-001
00e50fe4-0b35-4d65-acac-448b711d3479,SNACK-003
00e50fe4-0b35-4d65-acac-448b711d3479,SNACK-003
00e50fe4-0b35-4d65-acac-448b711d3479,SNACK-001
00e50fe4-0b35-4d65-acac-448b711d3479,DRINK-002
00e50fe4-0b35-4d65-acac-448b711d3479,MAIN-005
00e50fe4-0b35-4d65-acac-448b711d3479,SNACK-004
00e50fe4-0b35-4d65-acac-448b711d3479,DRINK-001
00e50fe4-0b35-4d65-acac-448b711d3479,SNACK-002
00e50fe4-0b35-4d65-acac-448b711d3479,DRINK-003
00e50fe4-0b35-4d65-acac-448b711d3479,MAIN-003
00e50fe4-0b35-4d65-acac-448b711d3479,MAIN-001
00e50fe4-0b35-4d65-acac-448b711d3479,SNACK-002
00e50fe4-0b35-4d65-acac-448b711d3479,DRINK-005
00e50fe4-0b35-4d65-acac-448b711d3479,SNACK-003
00e50fe4-0b35-4d65-acac-448b711d3479,DRINK-004
00e50fe4-0b35-4d65-acac-448b711d3479,DRINK-003
00e50fe4-0b35-4d65-acac-448b711d3479,MAIN-001
00e50fe4-0b35-4d65-acac-448b711d3479,DRINK-002
00e50fe4-0b35-4d65-acac-448b711d3479,SNACK-001
00e50fe4-0b35-4d65-acac-448b711d3479,SNACK-002
00e50fe4-0b35-4d65-acac-448b711d3479,MAIN-002
00e50fe4-0b35-4d65-acac-448b711d3479,SNACK-002
00e50fe4-0b35-4d65-acac-448b711d3479,MAIN-005
00e50fe4-0b35-4d65-acac-448b711d3479,SNACK-005
00e50fe4-0b35-4d65-acac-448b711d3479,DRINK-004
00e50fe4-0b35-4d65-acac-448b711d3479,SNACK-003
00e50fe4-0b35-4d65-acac-448b711d3479,MAIN-005
00e50fe4-0b35-4d65-acac-448b711d3479,SNACK-005
00e50fe4-0b35-4d65-acac-448b711d3479,SNACK-003
00e50fe4-0b35-4d65-acac-448b711d3479,MAIN-001
00e50fe4-0b35-4d65-acac-448b711d3479,DRINK-001
00e50fe4-0b35-4d65-acac-448b711d3479,MAIN-001
00e50fe4-0b35-4d65-acac-448b711d3479,SNACK-003
00e50fe4-0b35-4d65-acac-448b711d3479,MAIN-002
00e50fe4-0b35-4d65-acac-448b711d3479,SNACK-003
00e50fe4-0b35-4d65-acac-448b711d3479,SNACK-001
00e50fe4-0b35-4d65-acac-448b711d3479,SNACK-002
00e50fe4-0b35-4d65-acac-448b711d3479,SNACK-004
00e50fe4-0b35-4d65-acac-448b711d3479,MAIN-005
00e50fe4-0b35-4d65-acac-448b711d3479,SNACK-001
00e50fe4-0b35-4d65-acac-448b711d3479,MAIN-003
00e50fe4-0b35-4d65-acac-448b711d3479,DRINK-002
00e50fe4-0b35-4d65-acac-448b711d3479,DRINK-004
00e50fe4-0b35-4d65-acac-448b711d3479,MAIN-002
00e50fe4-0b35-4d65-acac-448b711d3479,DRINK-004
00e50fe4-0b35-4d65-acac-448b711d3479,MAIN-001
00e50fe4-0b35-4d65-acac-448b711d3479,SNACK-004
00e50fe4-0b35-4d65-acac-448b711d3479,SNACK-002
00e50fe4-0b35-4d65-acac-448b711d3479,DRINK-003
00e50fe4-0b35-4d65-acac-448b711d3479,MAIN-004
00e50fe4-0b35-4d65-acac-448b711d3479,DRINK-005
00e50fe4-0b35-4d65-acac-448b711d3479,MAIN-004
00e50fe4-0b35-4d65-acac-448b711d3479,DRINK-004
00e50fe4-0b35-4d65-acac-448b711d3479,SNACK-003
00e50fe4-0b35-4d65-acac-448b711d3479,SNACK-005
00e50fe4-0b35-4d65-acac-448b711d3479,DRINK-003
00e50fe4-0b35-4d65-acac-448b711d3479,SNACK-004
00e50fe4-0b35-4d65-acac-448b711d3479,MAIN-005
00e50fe4-0b35-4d65-acac-448b711d3479,DRINK-004
00e50fe4-0b35-4d65-acac-448b711d3479,SNACK-005
00e50fe4-0b35-4d65-acac-448b711d3479,DRINK-005
00e50fe4-0b35-4d65-acac-448b711d3479,SNACK-002
00e50fe4-0b35-4d65-acac-448b711d3479,SNACK-002
00e50fe4-0b35-4d65-acac-448b711d3479,SNACK-002
00e50fe4-0b35-4d65-acac-448b711d3479,MAIN-005
f41465c1-8a8f-49fb-9777-5d85396e5b52,DRINK-004
f41465c1-8a8f-49fb-9777-5d85396e5b52,MAIN-002
f41465c1-8a8f-49fb-9777-5d85396e5b52,SNACK-001
f41465c1-8a8f-49fb-9777-5d85396e5b52,DRINK-003
f41465c1-8a8f-49fb-9777-5d85396e5b52,MAIN-003
f41465c1-8a8f-49fb-9777-5d85396e5b52,DRINK-005
f41465c1-8a8f-49fb-9777-5d85396e5b52,MAIN-004
f41465c1-8a8f-49fb-9777-5d85396e5b52,MAIN-001
f41465c1-8a8f-49fb-9777-5d85396e5b52,DRINK-001
f41465c1-8a8f-49fb-9777-5d85396e5b52,MAIN-001
f41465c1-8a8f-49fb-9777-5d85396e5b52,DRINK-004
f41465c1-8a8f-49fb-9777-5d85396e5b52,DRINK-003
f41465c1-8a8f-49fb-9777-5d85396e5b52,DRINK-004
f41465c1-8a8f-49fb-9777-5d85396e5b52,SNACK-002
f41465c1-8a8f-49fb-9777-5d85396e5b52,SNACK-004
f41465c1-8a8f-49fb-9777-5d85396e5b52,DRINK-002
f41465c1-8a8f-49fb-9777-5d85396e5b52,SNACK-002
f41465c1-8a8f-49fb-9777-5d85396e5b52,SNACK-004
f41465c1-8a8f-49fb-9777-5d85396e5b52,DRINK-001
f41465c1-8a8f-49fb-9777-5d85396e5b52,DRINK-001
f41465c1-8a8f-49fb-9777-5d85396e5b52,DRINK-002
f41465c1-8a8f-49fb-9777-5d85396e5b52,MAIN-005
f41465c1-8a8f-49fb-9777-5d85396e5b52,DRINK-004
f41465c1-8a8f-49fb-9777-5d85396e5b52,DRINK-001
f41465c1-8a8f-49fb-9777-5d85396e5b52,DRINK-001
f41465c1-8a8f-49fb-9777-5d85396e5b52,DRINK-002
f41465c1-8a8f-49fb-9777-5d85396e5b52,SNACK-003
f41465c1-8a8f-49fb-9777-5d85396e5b52,MAIN-001
f41465c1-8a8f-49fb-9777-5d85396e5b52,DRINK-004
f41465c1-8a8f-49fb-9777-5d85396e5b52,MAIN-004
f41465c1-8a8f-49fb-9777-5d85396e5b52,MAIN-003
f41465c1-8a8f-49fb-9777-5d85396e5b52,DRINK-004
f41465c1-8a8f-49fb-9777-5d85396e5b52,DRINK-003
f41465c1-8a8f-49fb-9777-5d85396e5b52,SNACK-002
f41465c1-8a8f-49fb-9777-5d85396e5b52,SNACK-003
f41465c1-8a8f-49fb-9777-5d85396e5b52,DRINK-001
f41465c1-8a8f-49fb-9777-5d85396e5b52,MAIN-003
f41465c1-8a8f-49fb-9777-5d85396e5b52,SNACK-001
f41465c1-8a8f-49fb-9777-5d85396e5b52,SNACK-004
f41465c1-8a8f-49fb-9777-5d85396e5b52,DRINK-003
f41465c1-8a8f-49fb-9777-5d85396e5b52,DRINK-005
f41465c1-8a8f-49fb-9777-5d85396e5b52,DRINK-002
f41465c1-8a8f-49fb-9777-5d85396e5b52,SNACK-002
f41465c1-8a8f-49fb-9777-5d85396e5b52,MAIN-005
f41465c1-8a8f-49fb-9777-5d85396e5b52,DRINK-003
f41465c1-8a8f-49fb-9777-5d85396e5b52,MAIN-005
f41465c1-8a8f-49fb-9777-5d85396e5b52,DRINK-001
f41465c1-8a8f-49fb-9777-5d85396e5b52,DRINK-002
f41465c1-8a8f-49fb-9777-5d85396e5b52,MAIN-001
f41465c1-8a8f-49fb-9777-5d85396e5b52,DRINK-004
0c33c37a-b1d5-4a25-a60c-0b76cc9560c7,SNACK-001
0c33c37a-b1d5-4a25-a60c-0b76cc9560c7,MAIN-003
0c33c37a-b1d5-4a25-a60c-0b76cc9560c7,MAIN-005
0c33c37a-b1d5-4a25-a60c-0b76cc9560c7,DRINK-004
0c33c37a-b1d5-4a25-a60c-0b76cc9560c7,SNACK-001
0c33c37a-b1d5-4a25-a60c-0b76cc9560c7,SNACK-002
0c33c37a-b1d5-4a25-a60c-0b76cc9560c7,DRINK-005
0c33c37a-b1d5-4a25-a60c-0b76cc9560c7,MAIN-001
0c33c37a-b1d5-4a25-a60c-0b76cc9560c7,SNACK-001
0c33c37a-b1d5-4a25-a60c-0b76cc9560c7,MAIN-002
0c33c37a-b1d5-4a25-a60c-0b76cc9560c7,SNACK-004
0c33c37a-b1d5-4a25-a60c-0b76cc9560c7,MAIN-002
0c33c37a-b1d5-4a25-a60c-0b76cc9560c7,SNACK-005
0c33c37a-b1d5-4a25-a60c-0b76cc9560c7,MAIN-002
0c33c37a-b1d5-4a25-a60c-0b76cc9560c7,SNACK-002
0c33c37a-b1d5-4a25-a60c-0b76cc9560c7,SNACK-004
0c33c37a-b1d5-4a25-a60c-0b76cc9560c7,DRINK-004
0c33c37a-b1d5-4a25-a60c-0b76cc9560c7,DRINK-005
0c33c37a-b1d5-4a25-a60c-0b76cc9560c7,DRINK-003
0c33c37a-b1d5-4a25-a60c-0b76cc9560c7,DRINK-004
0c33c37a-b1d5-4a25-a60c-0b76cc9560c7,DRINK-005
0c33c37a-b1d5-4a25-a60c-0b76cc9560c7,MAIN-003
0c33c37a-b1d5-4a25-a60c-0b76cc9560c7,DRINK-003
0c33c37a-b1d5-4a25-a60c-0b76cc9560c7,DRINK-002
0c33c37a-b1d5-4a25-a60c-0b76cc9560c7,MAIN-005
0c33c37a-b1d5-4a25-a60c-0b76cc9560c7,MAIN-004
0c33c37a-b1d5-4a25-a60c-0b76cc9560c7,DRINK-005
0c33c37a-b1d5-4a25-a60c-0b76cc9560c7,DRINK-001
0c33c37a-b1d5-4a25-a60c-0b76cc9560c7,SNACK-003
0c33c37a-b1d5-4a25-a60c-0b76cc9560c7,MAIN-002
0c33c37a-b1d5-4a25-a60c-0b76cc9560c7,MAIN-002
0c33c37a-b1d5-4a25-a60c-0b76cc9560c7,MAIN-003
0c33c37a-b1d5-4a25-a60c-0b76cc9560c7,DRINK-004
a12b66bb-426e-4607-bf80-b60bc10d2047,MAIN-002
a12b66bb-426e-4607-bf80-b60bc10d2047,MAIN-002
a12b66bb-426e-4607-bf80-b60bc10d2047,DRINK-005
a12b66bb-426e-4607-bf80-b60bc10d2047,DRINK-004
a12b66bb-426e-4607-bf80-b60bc10d2047,DRINK-005
a12b66bb-426e-4607-bf80-b60bc10d2047,MAIN-001
a12b66bb-426e-4607-bf80-b60bc10d2047,MAIN-004
a12b66bb-426e-4607-bf80-b60bc10d2047,DRINK-003
a12b66bb-426e-4607-bf80-b60bc10d2047,MAIN-005
a12b66bb-426e-4607-bf80-b60bc10d2047,DRINK-003
a12b66bb-426e-4607-bf80-b60bc10d2047,SNACK-001
a12b66bb-426e-4607-bf80-b60bc10d2047,MAIN-001
a12b66bb-426e-4607-bf80-b60bc10d2047,SNACK-004
a12b66bb-426e-4607-bf80-b60bc10d2047,SNACK-004
a12b66bb-426e-4607-bf80-b60bc10d2047,SNACK-001
a12b66bb-426e-4607-bf80-b60bc10d2047,MAIN-002
a12b66bb-426e-4607-bf80-b60bc10d2047,SNACK-001
a12b66bb-426e-4607-bf80-b60bc10d2047,DRINK-004
a12b66bb-426e-4607-bf80-b60bc10d2047,DRINK-002
a12b66bb-426e-4607-bf80-b60bc10d2047,DRINK-001
a12b66bb-426e-4607-bf80-b60bc10d2047,SNACK-004
a12b66bb-426e-4607-bf80-b60bc10d2047,SNACK-002
a12b66bb-426e-4607-bf80-b60bc10d2047,DRINK-004
a12b66bb-426e-4607-bf80-b60bc10d2047,MAIN-004
a12b66bb-426e-4607-bf80-b60bc10d2047,DRINK-003
a12b66bb-426e-4607-bf80-b60bc10d2047,SNACK-005
a12b66bb-426e-4607-bf80-b60bc10d2047,DRINK-002
a12b66bb-426e-4607-bf80-b60bc10d2047,DRINK-004
a12b66bb-426e-4607-bf80-b60bc10d2047,SNACK-003
a12b66bb-426e-4607-bf80-b60bc10d2047,MAIN-004
a12b66bb-426e-4607-bf80-b60bc10d2047,SNACK-005
a12b66bb-426e-4607-bf80-b60bc10d2047,DRINK-005
a12b66bb-426e-4607-bf80-b60bc10d2047,DRINK-001
a12b66bb-426e-4607-bf80-b60bc10d2047,DRINK-001
a12b66bb-426e-4607-bf80-b60bc10d2047,SNACK-001
a12b66bb-426e-4607-bf80-b60bc10d2047,MAIN-003
a12b66bb-426e-4607-bf80-b60bc10d2047,DRINK-001
a12b66bb-426e-4607-bf80-b60bc10d2047,SNACK-003
a12b66bb-426e-4607-bf80-b60bc10d2047,DRINK-002
19b79f04-d7e7-4b2c-8879-69847ca62598,DRINK-003
19b79f04-d7e7-4b2c-8879-69847ca62598,SNACK-003
19b79f04-d7e7-4b2c-8879-69847ca62598,MAIN-004
19b79f04-d7e7-4b2c-8879-69847ca62598,DRINK-001
19b79f04-d7e7-4b2c-8879-69847ca62598,SNACK-004
19b79f04-d7e7-4b2c-8879-69847ca62598,DRINK-004
19b79f04-d7e7-4b2c-8879-69847ca62598,MAIN-001
19b79f04-d7e7-4b2c-8879-69847ca62598,DRINK-004
19b79f04-d7e7-4b2c-8879-69847ca62598,DRINK-004
19b79f04-d7e7-4b2c-8879-69847ca62598,SNACK-004
19b79f04-d7e7-4b2c-8879-69847ca62598,SNACK-004
19b79f04-d7e7-4b2c-8879-69847ca62598,SNACK-005
19b79f04-d7e7-4b2c-8879-69847ca62598,DRINK-002
19b79f04-d7e7-4b2c-8879-69847ca62598,MAIN-004
19b79f04-d7e7-4b2c-8879-69847ca62598,SNACK-003
19b79f04-d7e7-4b2c-8879-69847ca62598,MAIN-004
19b79f04-d7e7-4b2c-8879-69847ca62598,MAIN-005
e6635792-d4bb-4b79-bd02-b679dabd6684,SNACK-001
e6635792-d4bb-4b79-bd02-b679dabd6684,MAIN-003
e6635792-d4bb-4b79-bd02-b679dabd6684,SNACK-004
e6635792-d4bb-4b79-bd02-b679dabd6684,MAIN-001
e6635792-d4bb-4b79-bd02-b679dabd6684,SNACK-002
e6635792-d4bb-4b79-bd02-b679dabd6684,DRINK-002
e6635792-d4bb-4b79-bd02-b679dabd6684,DRINK-002
e6635792-d4bb-4b79-bd02-b679dabd6684,MAIN-003
e6635792-d4bb-4b79-bd02-b679dabd6684,SNACK-003
e6635792-d4bb-4b79-bd02-b679dabd6684,MAIN-004
e6635792-d4bb-4b79-bd02-b679dabd6684,DRINK-001
e6635792-d4bb-4b79-bd02-b679dabd6684,MAIN-003
e6635792-d4bb-4b79-bd02-b679dabd6684,SNACK-001
e6635792-d4bb-4b79-bd02-b679dabd6684,DRINK-001
e6635792-d4bb-4b79-bd02-b679dabd6684,DRINK-002
e6635792-d4bb-4b79-bd02-b679dabd6684,MAIN-005
e6635792-d4bb-4b79-bd02-b679dabd6684,DRINK-004
e6635792-d4bb-4b79-bd02-b679dabd6684,MAIN-005
e6635792-d4bb-4b79-bd02-b679dabd6684,DRINK-003
e6635792-d4bb-4b79-bd02-b679dabd6684,MAIN-002
e6635792-d4bb-4b79-bd02-b679dabd6684,SNACK-002
e6635792-d4bb-4b79-bd02-b679dabd6684,MAIN-003
e6635792-d4bb-4b79-bd02-b679dabd6684,MAIN-001
5c91d2c6-5881-4ce4-9e97-b96dc87488a2,MAIN-002
5c91d2c6-5881-4ce4-9e97-b96dc87488a2,SNACK-003
5c91d2c6-5881-4ce4-9e97-b96dc87488a2,DRINK-001
5c91d2c6-5881-4ce4-9e97-b96dc87488a2,DRINK-002
5c91d2c6-5881-4ce4-9e97-b96dc87488a2,DRINK-002
5c91d2c6-5881-4ce4-9e97-b96dc87488a2,DRINK-001
5c91d2c6-5881-4ce4-9e97-b96dc87488a2,SNACK-003
5c91d2c6-5881-4ce4-9e97-b96dc87488a2,DRINK-005
5c91d2c6-5881-4ce4-9e97-b96dc87488a2,MAIN-005
5c91d2c6-5881-4ce4-9e97-b96dc87488a2,DRINK-003
5c91d2c6-5881-4ce4-9e97-b96dc87488a2,DRINK-004
5c91d2c6-5881-4ce4-9e97-b96dc87488a2,SNACK-004
5c91d2c6-5881-4ce4-9e97-b96dc87488a2,SNACK-001
5c91d2c6-5881-4ce4-9e97-b96dc87488a2,MAIN-002
5c91d2c6-5881-4ce4-9e97-b96dc87488a2,MAIN-003
5c91d2c6-5881-4ce4-9e97-b96dc87488a2,DRINK-001
5c91d2c6-5881-4ce4-9e97-b96dc87488a2,MAIN-005
5c91d2c6-5881-4ce4-9e97-b96dc87488a2,SNACK-002
5c91d2c6-5881-4ce4-9e97-b96dc87488a2,MAIN-002
5c91d2c6-5881-4ce4-9e97-b96dc87488a2,MAIN-001
5c91d2c6-5881-4ce4-9e97-b96dc87488a2,MAIN-003
5c91d2c6-5881-4ce4-9e97-b96dc87488a2,MAIN-002
5c91d2c6-5881-4ce4-9e97-b96dc87488a2,DRINK-005
5c91d2c6-5881-4ce4-9e97-b96dc87488a2,DRINK-005
5c91d2c6-5881-4ce4-9e97-b96dc87488a2,MAIN-001
5c91d2c6-5881-4ce4-9e97-b96dc87488a2,SNACK-002
5c91d2c6-5881-4ce4-9e97-b96dc87488a2,MAIN-003
5c91d2c6-5881-4ce4-9e97-b96dc87488a2,DRINK-002
5c91d2c6-5881-4ce4-9e97-b96dc87488a2,SNACK-001
5c91d2c6-5881-4ce4-9e97-b96dc87488a2,DRINK-002
5c91d2c6-5881-4ce4-9e97-b96dc87488a2,SNACK-001
5c91d2c6-5881-4ce4-9e97-b96dc87488a2,SNACK-003
5c91d2c6-5881-4ce4-9e97-b96dc87488a2,SNACK-004
5c91d2c6-5881-4ce4-9e97-b96dc87488a2,MAIN-004
5c91d2c6-5881-4ce4-9e97-b96dc87488a2,DRINK-003
5c91d2c6-5881-4ce4-9e97-b96dc87488a2,SNACK-001
5c91d2c6-5881-4ce4-9e97-b96dc87488a2,MAIN-001
5c91d2c6-5881-4ce4-9e97-b96dc87488a2,DRINK-004
5c91d2c6-5881-4ce4-9e97-b96dc87488a2,MAIN-001
5c91d2c6-5881-4ce4-9e97-b96dc87488a2,DRINK-002
5c91d2c6-5881-4ce4-9e97-b96dc87488a2,SNACK-005
5c91d2c6-5881-4ce4-9e97-b96dc87488a2,MAIN-001
5c91d2c6-5881-4ce4-9e97-b96dc87488a2,DRINK-002
5c91d2c6-5881-4ce4-9e97-b96dc87488a2,MAIN-003
5c91d2c6-5881-4ce4-9e97-b96dc87488a2,MAIN-004
5c91d2c6-5881-4ce4-9e97-b96dc87488a2,SNACK-004
5c91d2c6-5881-4ce4-9e97-b96dc87488a2,DRINK-003
5c91d2c6-5881-4ce4-9e97-b96dc87488a2,DRINK-001
5c91d2c6-5881-4ce4-9e97-b96dc87488a2,SNACK-002
5c91d2c6-5881-4ce4-9e97-b96dc87488a2,MAIN-004
5c91d2c6-5881-4ce4-9e97-b96dc87488a2,MAIN-001
5c91d2c6-5881-4ce4-9e97-b96dc87488a2,MAIN-005
5c91d2c6-5881-4ce4-9e97-b96dc87488a2,MAIN-003
5c91d2c6-5881-4ce4-9e97-b96dc87488a2,DRINK-002
5c91d2c6-5881-4ce4-9e97-b96dc87488a2,MAIN-002
5c91d2c6-5881-4ce4-9e97-b96dc87488a2,DRINK-002
5c91d2c6-5881-4ce4-9e97-b96dc87488a2,MAIN-004
5c91d2c6-5881-4ce4-9e97-b96dc87488a2,DRINK-001
5c91d2c6-5881-4ce4-9e97-b96dc87488a2,DRINK-003
5c91d2c6-5881-4ce4-9e97-b96dc87488a2,DRINK-004
5c91d2c6-5881-4ce4-9e97-b96dc87488a2,SNACK-002
5c91d2c6-5881-4ce4-9e97-b96dc87488a2,DRINK-003
5c91d2c6-5881-4ce4-9e97-b96dc87488a2,SNACK-002
5c91d2c6-5881-4ce4-9e97-b96dc87488a2,MAIN-005
5c91d2c6-5881-4ce4-9e97-b96dc87488a2,DRINK-001
5c91d2c6-5881-4ce4-9e97-b96dc87488a2,DRINK-001
5c91d2c6-5881-4ce4-9e97-b96dc87488a2,MAIN-004
5c91d2c6-5881-4ce4-9e97-b96dc87488a2,SNACK-005
5c91d2c6-5881-4ce4-9e97-b96dc87488a2,SNACK-002
5c91d2c6-5881-4ce4-9e97-b96dc87488a2,DRINK-003
5c91d2c6-5881-4ce4-9e97-b96dc87488a2,SNACK-001
5c91d2c6-5881-4ce4-9e97-b96dc87488a2,DRINK-001
5c91d2c6-5881-4ce4-9e97-b96dc87488a2,MAIN-001
5c91d2c6-5881-4ce4-9e97-b96dc87488a2,MAIN-003
5c91d2c6-5881-4ce4-9e97-b96dc87488a2,DRINK-004
5c91d2c6-5881-4ce4-9e97-b96dc87488a2,DRINK-003
5c91d2c6-5881-4ce4-9e97-b96dc87488a2,MAIN-002
5c91d2c6-5881-4ce4-9e97-b96dc87488a2,DRINK-003
5c91d2c6-5881-4ce4-9e97-b96dc87488a2,DRINK-005
5c91d2c6-5881-4ce4-9e97-b96dc87488a2,DRINK-001
5c91d2c6-5881-4ce4-9e97-b96dc87488a2,SNACK-005
5c91d2c6-5881-4ce4-9e97-b96dc87488a2,DRINK-003
5c91d2c6-5881-4ce4-9e97-b96dc87488a2,MAIN-004
5c91d2c6-5881-4ce4-9e97-b96dc87488a2,DRINK-005
5c91d2c6-5881-4ce4-9e97-b96dc87488a2,SNACK-005
5c91d2c6-5881-4ce4-9e97-b96dc87488a2,DRINK-003
bd946908-73db-441b-813c-7c5a2072c937,SNACK-003
bd946908-73db-441b-813c-7c5a2072c937,DRINK-004
bd946908-73db-441b-813c-7c5a2072c937,MAIN-003
bd946908-73db-441b-813c-7c5a2072c937,DRINK-005
bd946908-73db-441b-813c-7c5a2072c937,SNACK-003
bd946908-73db-441b-813c-7c5a2072c937,MAIN-001
bd946908-73db-441b-813c-7c5a2072c937,DRINK-001
bd946908-73db-441b-813c-7c5a2072c937,MAIN-001
bd946908-73db-441b-813c-7c5a2072c937,SNACK-004
bd946908-73db-441b-813c-7c5a2072c937,MAIN-004
bd946908-73db-441b-813c-7c5a2072c937,DRINK-003
bd946908-73db-441b-813c-7c5a2072c937,SNACK-004
bd946908-73db-441b-813c-7c5a2072c937,DRINK-004
bd946908-73db-441b-813c-7c5a2072c937,DRINK-002
bd946908-73db-441b-813c-7c5a2072c937,DRINK-005
bd946908-73db-441b-813c-7c5a2072c937,SNACK-002
bd946908-73db-441b-813c-7c5a2072c937,SNACK-003
bd946908-73db-441b-813c-7c5a2072c937,MAIN-002
bd946908-73db-441b-813c-7c5a2072c937,MAIN-003
bd946908-73db-441b-813c-7c5a2072c937,SNACK-002
bd946908-73db-441b-813c-7c5a2072c937,SNACK-005
bd946908-73db-441b-813c-7c5a2072c937,DRINK-001
bd946908-73db-441b-813c-7c5a2072c937,SNACK-004
bd946908-73db-441b-813c-7c5a2072c937,SNACK-003
bd946908-73db-441b-813c-7c5a2072c937,MAIN-005
bd946908-73db-441b-813c-7c5a2072c937,DRINK-002
bd946908-73db-441b-813c-7c5a2072c937,SNACK-002
bd946908-73db-441b-813c-7c5a2072c937,MAIN-001
bd946908-73db-441b-813c-7c5a2072c937,SNACK-001
bd946908-73db-441b-813c-7c5a2072c937,MAIN-005
e3269943-e35c-4259-ba1d-1d527ecd5aeb,SNACK-002
e3269943-e35c-4259-ba1d-1d527ecd5aeb,MAIN-004
e3269943-e35c-4259-ba1d-1d527ecd5aeb,DRINK-004
e3269943-e35c-4259-ba1d-1d527ecd5aeb,MAIN-005
e3269943-e35c-4259-ba1d-1d527ecd5aeb,DRINK-004
e3269943-e35c-4259-ba1d-1d527ecd5aeb,SNACK-005
e3269943-e35c-4259-ba1d-1d527ecd5aeb,MAIN-001
e3269943-e35c-4259-ba1d-1d527ecd5aeb,SNACK-001
e3269943-e35c-4259-ba1d-1d527ecd5aeb,MAIN-003
e3269943-e35c-4259-ba1d-1d527ecd5aeb,MAIN-005
e3269943-e35c-4259-ba1d-1d527ecd5aeb,MAIN-004
e3269943-e35c-4259-ba1d-1d527ecd5aeb,SNACK-001
e3269943-e35c-4259-ba1d-1d527ecd5aeb,DRINK-004
e3269943-e35c-4259-ba1d-1d527ecd5aeb,DRINK-004
e3269943-e35c-4259-ba1d-1d527ecd5aeb,MAIN-003
e3269943-e35c-4259-ba1d-1d527ecd5aeb,MAIN-001
e3269943-e35c-4259-ba1d-1d527ecd5aeb,SNACK-001
e3269943-e35c-4259-ba1d-1d527ecd5aeb,DRINK-003
e3269943-e35c-4259-ba1d-1d527ecd5aeb,SNACK-002
e3269943-e35c-4259-ba1d-1d527ecd5aeb,SNACK-001
e3269943-e35c-4259-ba1d-1d527ecd5aeb,MAIN-005
e3269943-e35c-4259-ba1d-1d527ecd5aeb,DRINK-003
e3269943-e35c-4259-ba1d-1d527ecd5aeb,SNACK-004
e3269943-e35c-4259-ba1d-1d527ecd5aeb,DRINK-001
e3269943-e35c-4259-ba1d-1d527ecd5aeb,SNACK-003
e3269943-e35c-4259-ba1d-1d527ecd5aeb,SNACK-004
e3269943-e35c-4259-ba1d-1d527ecd5aeb,MAIN-004
e3269943-e35c-4259-ba1d-1d527ecd5aeb,DRINK-004
e3269943-e35c-4259-ba1d-1d527ecd5aeb,DRINK-002
e3269943-e35c-4259-ba1d-1d527ecd5aeb,MAIN-005
e3269943-e35c-4259-ba1d-1d527ecd5aeb,MAIN-001
e3269943-e35c-4259-ba1d-1d527ecd5aeb,DRINK-002
e3269943-e35c-4259-ba1d-1d527ecd5aeb,SNACK-002
e3269943-e35c-4259-ba1d-1d527ecd5aeb,MAIN-003
e3269943-e35c-4259-ba1d-1d527ecd5aeb,MAIN-004
e3269943-e35c-4259-ba1d-1d527ecd5aeb,MAIN-003
e3269943-e35c-4259-ba1d-1d527ecd5aeb,DRINK-004
e3269943-e35c-4259-ba1d-1d527ecd5aeb,DRINK-004
e3269943-e35c-4259-ba1d-1d527ecd5aeb,SNACK-005
e3269943-e35c-4259-ba1d-1d527ecd5aeb,MAIN-005
e3269943-e35c-4259-ba1d-1d527ecd5aeb,MAIN-005
e3269943-e35c-4259-ba1d-1d527ecd5aeb,DRINK-003
e3269943-e35c-4259-ba1d-1d527ecd5aeb,SNACK-002
e3269943-e35c-4259-ba1d-1d527ecd5aeb,DRINK-002
e3269943-e35c-4259-ba1d-1d527ecd5aeb,MAIN-001
e3269943-e35c-4259-ba1d-1d527ecd5aeb,DRINK-005
e3269943-e35c-4259-ba1d-1d527ecd5aeb,SNACK-004
e3269943-e35c-4259-ba1d-1d527ecd5aeb,SNACK-003
e3269943-e35c-4259-ba1d-1d527ecd5aeb,MAIN-004
e3269943-e35c-4259-ba1d-1d527ecd5aeb,SNACK-004
e3269943-e35c-4259-ba1d-1d527ecd5aeb,DRINK-005
e3269943-e35c-4259-ba1d-1d527ecd5aeb,MAIN-003
e3269943-e35c-4259-ba1d-1d527ecd5aeb,SNACK-004
e3269943-e35c-4259-ba1d-1d527ecd5aeb,SNACK-001
e3269943-e35c-4259-ba1d-1d527ecd5aeb,DRINK-002
e3269943-e35c-4259-ba1d-1d527ecd5aeb,DRINK-002
e3269943-e35c-4259-ba1d-1d527ecd5aeb,MAIN-005
e3269943-e35c-4259-ba1d-1d527ecd5aeb,SNACK-005
bebf1b2a-6772-4f76-9307-a75440671fa3,DRINK-004
bebf1b2a-6772-4f76-9307-a75440671fa3,MAIN-001
bebf1b2a-6772-4f76-9307-a75440671fa3,MAIN-002
bebf1b2a-6772-4f76-9307-a75440671fa3,DRINK-003
bebf1b2a-6772-4f76-9307-a75440671fa3,DRINK-002
bebf1b2a-6772-4f76-9307-a75440671fa3,SNACK-001
bebf1b2a-6772-4f76-9307-a75440671fa3,DRINK-005
bebf1b2a-6772-4f76-9307-a75440671fa3,SNACK-004
bebf1b2a-6772-4f76-9307-a75440671fa3,DRINK-004
bebf1b2a-6772-4f76-9307-a75440671fa3,SNACK-005
bebf1b2a-6772-4f76-9307-a75440671fa3,DRINK-002
bebf1b2a-6772-4f76-9307-a75440671fa3,SNACK-003
bebf1b2a-6772-4f76-9307-a75440671fa3,MAIN-002
bebf1b2a-6772-4f76-9307-a75440671fa3,MAIN-003
bebf1b2a-6772-4f76-9307-a75440671fa3,MAIN-005
bebf1b2a-6772-4f76-9307-a75440671fa3,SNACK-005
bebf1b2a-6772-4f76-9307-a75440671fa3,SNACK-003
bebf1b2a-6772-4f76-9307-a75440671fa3,MAIN-004
bebf1b2a-6772-4f76-9307-a75440671fa3,DRINK-001
bebf1b2a-6772-4f76-9307-a75440671fa3,DRINK-001
bebf1b2a-6772-4f76-9307-a75440671fa3,DRINK-003
bebf1b2a-6772-4f76-9307-a75440671fa3,SNACK-004
bebf1b2a-6772-4f76-9307-a75440671fa3,SNACK-002
bebf1b2a-6772-4f76-9307-a75440671fa3,DRINK-005
bebf1b2a-6772-4f76-9307-a75440671fa3,SNACK-004
bebf1b2a-6772-4f76-9307-a75440671fa3,DRINK-004
bebf1b2a-6772-4f76-9307-a75440671fa3,DRINK-001
bebf1b2a-6772-4f76-9307-a75440671fa3,MAIN-003
bebf1b2a-6772-4f76-9307-a75440671fa3,DRINK-005
bebf1b2a-6772-4f76-9307-a75440671fa3,DRINK-004
bebf1b2a-6772-4f76-9307-a75440671fa3,DRINK-001
bebf1b2a-6772-4f76-9307-a75440671fa3,DRINK-003
bebf1b2a-6772-4f76-9307-a75440671fa3,MAIN-005
bebf1b2a-6772-4f76-9307-a75440671fa3,SNACK-002
bebf1b2a-6772-4f76-9307-a75440671fa3,MAIN-003
bebf1b2a-6772-4f76-9307-a75440671fa3,SNACK-005
bebf1b2a-6772-4f76-9307-a75440671fa3,MAIN-001
bebf1b2a-6772-4f76-9307-a75440671fa3,DRINK-001
bebf1b2a-6772-4f76-9307-a75440671fa3,SNACK-004
bebf1b2a-6772-4f76-9307-a75440671fa3,SNACK-002
bebf1b2a-6772-4f76-9307-a75440671fa3,MAIN-002
bebf1b2a-6772-4f76-9307-a75440671fa3,SNACK-001
bebf1b2a-6772-4f76-9307-a75440671fa3,DRINK-003
bebf1b2a-6772-4f76-9307-a75440671fa3,DRINK-003
bebf1b2a-6772-4f76-9307-a75440671fa3,MAIN-004
bebf1b2a-6772-4f76-9307-a75440671fa3,MAIN-005
bebf1b2a-6772-4f76-9307-a75440671fa3,MAIN-001
bebf1b2a-6772-4f76-9307-a75440671fa3,MAIN-005
bebf1b2a-6772-4f76-9307-a75440671fa3,DRINK-004
bebf1b2a-6772-4f76-9307-a75440671fa3,MAIN-003
bebf1b2a-6772-4f76-9307-a75440671fa3,DRINK-001
bebf1b2a-6772-4f76-9307-a75440671fa3,SNACK-003
bed72c83-3a21-456e-9eac-f2cbd1049359,MAIN-003
bed72c83-3a21-456e-9eac-f2cbd1049359,SNACK-003
bed72c83-3a21-456e-9eac-f2cbd1049359,SNACK-001
bed72c83-3a21-456e-9eac-f2cbd1049359,MAIN-005
bed72c83-3a21-456e-9eac-f2cbd1049359,SNACK-001
bed72c83-3a21-456e-9eac-f2cbd1049359,SNACK-004
bed72c83-3a21-456e-9eac-f2cbd1049359,SNACK-001
bed72c83-3a21-456e-9eac-f2cbd1049359,SNACK-002
bed72c83-3a21-456e-9eac-f2cbd1049359,DRINK-002
bed72c83-3a21-456e-9eac-f2cbd1049359,MAIN-004
bed72c83-3a21-456e-9eac-f2cbd1049359,DRINK-005
bed72c83-3a21-456e-9eac-f2cbd1049359,DRINK-002
bed72c83-3a21-456e-9eac-f2cbd1049359,MAIN-002
bed72c83-3a21-456e-9eac-f2cbd1049359,SNACK-001
bed72c83-3a21-456e-9eac-f2cbd1049359,SNACK-001
bed72c83-3a21-456e-9eac-f2cbd1049359,DRINK-005
bed72c83-3a21-456e-9eac-f2cbd1049359,DRINK-001
bed72c83-3a21-456e-9eac-f2cbd1049359,MAIN-003
bed72c83-3a21-456e-9eac-f2cbd1049359,MAIN-002
bed72c83-3a21-456e-9eac-f2cbd1049359,SNACK-001
bed72c83-3a21-456e-9eac-f2cbd1049359,MAIN-003
bed72c83-3a21-456e-9eac-f2cbd1049359,DRINK-003
bed72c83-3a21-456e-9eac-f2cbd1049359,SNACK-003
bed72c83-3a21-456e-9eac-f2cbd1049359,SNACK-001
bed72c83-3a21-456e-9eac-f2cbd1049359,DRINK-001
bed72c83-3a21-456e-9eac-f2cbd1049359,MAIN-002
bed72c83-3a21-456e-9eac-f2cbd1049359,SNACK-004
bed72c83-3a21-456e-9eac-f2cbd1049359,MAIN-004
bed72c83-3a21-456e-9eac-f2cbd1049359,MAIN-003
bed72c83-3a21-456e-9eac-f2cbd1049359,MAIN-002
bed72c83-3a21-456e-9eac-f2cbd1049359,SNACK-004
bed72c83-3a21-456e-9eac-f2cbd1049359,SNACK-002
bed72c83-3a21-456e-9eac-f2cbd1049359,SNACK-004
bed72c83-3a21-456e-9eac-f2cbd1049359,DRINK-003
bed72c83-3a21-456e-9eac-f2cbd1049359,SNACK-004
bed72c83-3a21-456e-9eac-f2cbd1049359,DRINK-004
bed72c83-3a21-456e-9eac-f2cbd1049359,SNACK-001
bed72c83-3a21-456e-9eac-f2cbd1049359,SNACK-004
bed72c83-3a21-456e-9eac-f2cbd1049359,SNACK-002
bed72c83-3a21-456e-9eac-f2cbd1049359,MAIN-004
bed72c83-3a21-456e-9eac-f2cbd1049359,MAIN-001
bed72c83-3a21-456e-9eac-f2cbd1049359,MAIN-005
bed72c83-3a21-456e-9eac-f2cbd1049359,MAIN-005
bed72c83-3a21-456e-9eac-f2cbd1049359,MAIN-004
bed72c83-3a21-456e-9eac-f2cbd1049359,DRINK-004
bed72c83-3a21-456e-9eac-f2cbd1049359,MAIN-003
bed72c83-3a21-456e-9eac-f2cbd1049359,SNACK-004
bed72c83-3a21-456e-9eac-f2cbd1049359,MAIN-004
bed72c83-3a21-456e-9eac-f2cbd1049359,MAIN-003
bed72c83-3a21-456e-9eac-f2cbd1049359,SNACK-003
bed72c83-3a21-456e-9eac-f2cbd1049359,DRINK-002
bed72c83-3a21-456e-9eac-f2cbd1049359,SNACK-003
bed72c83-3a21-456e-9eac-f2cbd1049359,SNACK-003
bed72c83-3a21-456e-9eac-f2cbd1049359,MAIN-001
bed72c83-3a21-456e-9eac-f2cbd1049359,DRINK-004
bed72c83-3a21-456e-9eac-f2cbd1049359,MAIN-002
bed72c83-3a21-456e-9eac-f2cbd1049359,SNACK-002
bed72c83-3a21-456e-9eac-f2cbd1049359,DRINK-003
bed72c83-3a21-456e-9eac-f2cbd1049359,SNACK-001
bed72c83-3a21-456e-9eac-f2cbd1049359,DRINK-002
bed72c83-3a21-456e-9eac-f2cbd1049359,SNACK-001
bed72c83-3a21-456e-9eac-f2cbd1049359,SNACK-005
bed72c83-3a21-456e-9eac-f2cbd1049359,MAIN-001
bed72c83-3a21-456e-9eac-f2cbd1049359,SNACK-003
bed72c83-3a21-456e-9eac-f2cbd1049359,MAIN-003
bed72c83-3a21-456e-9eac-f2cbd1049359,MAIN-005
bed72c83-3a21-456e-9eac-f2cbd1049359,MAIN-002
bed72c83-3a21-456e-9eac-f2cbd1049359,SNACK-005
bed72c83-3a21-456e-9eac-f2cbd1049359,DRINK-004
bed72c83-3a21-456e-9eac-f2cbd1049359,DRINK-001
bed72c83-3a21-456e-9eac-f2cbd1049359,SNACK-003
bed72c83-3a21-456e-9eac-f2cbd1049359,SNACK-001
bed72c83-3a21-456e-9eac-f2cbd1049359,MAIN-002
bed72c83-3a21-456e-9eac-f2cbd1049359,MAIN-003
bed72c83-3a21-456e-9eac-f2cbd1049359,DRINK-001
bed72c83-3a21-456e-9eac-f2cbd1049359,MAIN-004
bed72c83-3a21-456e-9eac-f2cbd1049359,SNACK-005
bed72c83-3a21-456e-9eac-f2cbd1049359,MAIN-003
bed72c83-3a21-456e-9eac-f2cbd1049359,DRINK-004
bed72c83-3a21-456e-9eac-f2cbd1049359,MAIN-003
bed72c83-3a21-456e-9eac-f2cbd1049359,SNACK-003
bed72c83-3a21-456e-9eac-f2cbd1049359,MAIN-005
bed72c83-3a21-456e-9eac-f2cbd1049359,MAIN-003
bed72c83-3a21-456e-9eac-f2cbd1049359,DRINK-002
bed72c83-3a21-456e-9eac-f2cbd1049359,MAIN-001
bed72c83-3a21-456e-9eac-f2cbd1049359,DRINK-004
bed72c83-3a21-456e-9eac-f2cbd1049359,SNACK-005
bed72c83-3a21-456e-9eac-f2cbd1049359,SNACK-003
bed72c83-3a21-456e-9eac-f2cbd1049359,SNACK-002
bed72c83-3a21-456e-9eac-f2cbd1049359,SNACK-002
bed72c83-3a21-456e-9eac-f2cbd1049359,SNACK-001
bed72c83-3a21-456e-9eac-f2cbd1049359,SNACK-005
bed72c83-3a21-456e-9eac-f2cbd1049359,SNACK-004
bed72c83-3a21-456e-9eac-f2cbd1049359,DRINK-003
bed72c83-3a21-456e-9eac-f2cbd1049359,MAIN-001
81e08b65-fb31-4c42-a9c6-e827132b1914,MAIN-001
81e08b65-fb31-4c42-a9c6-e827132b1914,DRINK-001
81e08b65-fb31-4c42-a9c6-e827132b1914,SNACK-001
81e08b65-fb31-4c42-a9c6-e827132b1914,DRINK-005
81e08b65-fb31-4c42-a9c6-e827132b1914,MAIN-004
81e08b65-fb31-4c42-a9c6-e827132b1914,DRINK-001
81e08b65-fb31-4c42-a9c6-e827132b1914,MAIN-003
81e08b65-fb31-4c42-a9c6-e827132b1914,SNACK-003
81e08b65-fb31-4c42-a9c6-e827132b1914,SNACK-004
81e08b65-fb31-4c42-a9c6-e827132b1914,MAIN-003
81e08b65-fb31-4c42-a9c6-e827132b1914,SNACK-003
81e08b65-fb31-4c42-a9c6-e827132b1914,MAIN-005
9ce01a49-88f3-4d92-9599-81a42bdb1210,MAIN-004
9ce01a49-88f3-4d92-9599-81a42bdb1210,SNACK-003
9ce01a49-88f3-4d92-9599-81a42bdb1210,SNACK-003
9ce01a49-88f3-4d92-9599-81a42bdb1210,SNACK-005
9ce01a49-88f3-4d92-9599-81a42bdb1210,SNACK-003
9ce01a49-88f3-4d92-9599-81a42bdb1210,MAIN-005
9ce01a49-88f3-4d92-9599-81a42bdb1210,MAIN-005
9ce01a49-88f3-4d92-9599-81a42bdb1210,MAIN-001
9ce01a49-88f3-4d92-9599-81a42bdb1210,MAIN-003
9ce01a49-88f3-4d92-9599-81a42bdb1210,DRINK-004
9ce01a49-88f3-4d92-9599-81a42bdb1210,SNACK-002
9ce01a49-88f3-4d92-9599-81a42bdb1210,SNACK-003
9ce01a49-88f3-4d92-9599-81a42bdb1210,SNACK-005
9ce01a49-88f3-4d92-9599-81a42bdb1210,SNACK-001
9ce01a49-88f3-4d92-9599-81a42bdb1210,SNACK-002
9ce01a49-88f3-4d92-9599-81a42bdb1210,SNACK-002
9ce01a49-88f3-4d92-9599-81a42bdb1210,DRINK-003
9ce01a49-88f3-4d92-9599-81a42bdb1210,MAIN-002
9ce01a49-88f3-4d92-9599-81a42bdb1210,SNACK-002
9ce01a49-88f3-4d92-9599-81a42bdb1210,SNACK-004
9ce01a49-88f3-4d92-9599-81a42bdb1210,MAIN-005
9ce01a49-88f3-4d92-9599-81a42bdb1210,SNACK-001
9ce01a49-88f3-4d92-9599-81a42bdb1210,SNACK-001
9ce01a49-88f3-4d92-9599-81a42bdb1210,MAIN-001
9ce01a49-88f3-4d92-9599-81a42bdb1210,SNACK-001
9ce01a49-88f3-4d92-9599-81a42bdb1210,DRINK-001
9ce01a49-88f3-4d92-9599-81a42bdb1210,SNACK-005
9ce01a49-88f3-4d92-9599-81a42bdb1210,MAIN-005
9ce01a49-88f3-4d92-9599-81a42bdb1210,SNACK-003
9ce01a49-88f3-4d92-9599-81a42bdb1210,MAIN-002
9ce01a49-88f3-4d92-9599-81a42bdb1210,MAIN-001
9ce01a49-88f3-4d92-9599-81a42bdb1210,MAIN-003
5baa763a-887b-477d-a51c-a29dffc6b15e,MAIN-001
5baa763a-887b-477d-a51c-a29dffc6b15e,SNACK-001
5baa763a-887b-477d-a51c-a29dffc6b15e,MAIN-005
5baa763a-887b-477d-a51c-a29dffc6b15e,MAIN-001
5baa763a-887b-477d-a51c-a29dffc6b15e,MAIN-001
5baa763a-887b-477d-a51c-a29dffc6b15e,SNACK-003
5baa763a-887b-477d-a51c-a29dffc6b15e,MAIN-002
5baa763a-887b-477d-a51c-a29dffc6b15e,MAIN-005
5baa763a-887b-477d-a51c-a29dffc6b15e,MAIN-004
5baa763a-887b-477d-a51c-a29dffc6b15e,DRINK-001
5baa763a-887b-477d-a51c-a29dffc6b15e,MAIN-005
5baa763a-887b-477d-a51c-a29dffc6b15e,SNACK-001
5baa763a-887b-477d-a51c-a29dffc6b15e,DRINK-001
5baa763a-887b-477d-a51c-a29dffc6b15e,SNACK-003
5baa763a-887b-477d-a51c-a29dffc6b15e,MAIN-005
5baa763a-887b-477d-a51c-a29dffc6b15e,SNACK-001
5baa763a-887b-477d-a51c-a29dffc6b15e,MAIN-004
5baa763a-887b-477d-a51c-a29dffc6b15e,SNACK-004
5baa763a-887b-477d-a51c-a29dffc6b15e,MAIN-003
5baa763a-887b-477d-a51c-a29dffc6b15e,MAIN-005
5baa763a-887b-477d-a51c-a29dffc6b15e,MAIN-001
5baa763a-887b-477d-a51c-a29dffc6b15e,DRINK-001
5baa763a-887b-477d-a51c-a29dffc6b15e,SNACK-005
5baa763a-887b-477d-a51c-a29dffc6b15e,DRINK-005
5baa763a-887b-477d-a51c-a29dffc6b15e,MAIN-002
5baa763a-887b-477d-a51c-a29dffc6b15e,SNACK-003
5baa763a-887b-477d-a51c-a29dffc6b15e,DRINK-002
5baa763a-887b-477d-a51c-a29dffc6b15e,MAIN-002
5baa763a-887b-477d-a51c-a29dffc6b15e,DRINK-001
5baa763a-887b-477d-a51c-a29dffc6b15e,MAIN-001
5baa763a-887b-477d-a51c-a29dffc6b15e,MAIN-001
5baa763a-887b-477d-a51c-a29dffc6b15e,DRINK-003
5baa763a-887b-477d-a51c-a29dffc6b15e,DRINK-002
5baa763a-887b-477d-a51c-a29dffc6b15e,DRINK-002
5baa763a-887b-477d-a51c-a29dffc6b15e,SNACK-005
5baa763a-887b-477d-a51c-a29dffc6b15e,MAIN-004
9d643e88-4272-4c06-9781-a8f4eb1af3aa,MAIN-005
9d643e88-4272-4c06-9781-a8f4eb1af3aa,DRINK-005
9d643e88-4272-4c06-9781-a8f4eb1af3aa,DRINK-005
9d643e88-4272-4c06-9781-a8f4eb1af3aa,MAIN-003
9d643e88-4272-4c06-9781-a8f4eb1af3aa,MAIN-003
9d643e88-4272-4c06-9781-a8f4eb1af3aa,MAIN-004
9d643e88-4272-4c06-9781-a8f4eb1af3aa,DRINK-003
9d643e88-4272-4c06-9781-a8f4eb1af3aa,SNACK-005
9d643e88-4272-4c06-9781-a8f4eb1af3aa,DRINK-005
9d643e88-4272-4c06-9781-a8f4eb1af3aa,DRINK-001
9d643e88-4272-4c06-9781-a8f4eb1af3aa,DRINK-005
9d643e88-4272-4c06-9781-a8f4eb1af3aa,DRINK-005
9d643e88-4272-4c06-9781-a8f4eb1af3aa,DRINK-001
9d643e88-4272-4c06-9781-a8f4eb1af3aa,SNACK-005
9d643e88-4272-4c06-9781-a8f4eb1af3aa,MAIN-005
9d643e88-4272-4c06-9781-a8f4eb1af3aa,SNACK-001
9d643e88-4272-4c06-9781-a8f4eb1af3aa,SNACK-003
9d643e88-4272-4c06-9781-a8f4eb1af3aa,MAIN-003
9d643e88-4272-4c06-9781-a8f4eb1af3aa,DRINK-002
9d643e88-4272-4c06-9781-a8f4eb1af3aa,MAIN-003
9d643e88-4272-4c06-9781-a8f4eb1af3aa,DRINK-002
9d643e88-4272-4c06-9781-a8f4eb1af3aa,SNACK-005
9d643e88-4272-4c06-9781-a8f4eb1af3aa,SNACK-001
9d643e88-4272-4c06-9781-a8f4eb1af3aa,SNACK-003
9d643e88-4272-4c06-9781-a8f4eb1af3aa,SNACK-001
9d643e88-4272-4c06-9781-a8f4eb1af3aa,MAIN-001
9d643e88-4272-4c06-9781-a8f4eb1af3aa,SNACK-001
9d643e88-4272-4c06-9781-a8f4eb1af3aa,SNACK-002
9d643e88-4272-4c06-9781-a8f4eb1af3aa,SNACK-001
9d643e88-4272-4c06-9781-a8f4eb1af3aa,DRINK-002
9d643e88-4272-4c06-9781-a8f4eb1af3aa,DRINK-003
9d643e88-4272-4c06-9781-a8f4eb1af3aa,MAIN-004
9d643e88-4272-4c06-9781-a8f4eb1af3aa,SNACK-003
9d643e88-4272-4c06-9781-a8f4eb1af3aa,SNACK-001
9d643e88-4272-4c06-9781-a8f4eb1af3aa,DRINK-003
9d643e88-4272-4c06-9781-a8f4eb1af3aa,SNACK-001
9d643e88-4272-4c06-9781-a8f4eb1af3aa,SNACK-004
9d643e88-4272-4c06-9781-a8f4eb1af3aa,DRINK-004
9d643e88-4272-4c06-9781-a8f4eb1af3aa,MAIN-002
9d643e88-4272-4c06-9781-a8f4eb1af3aa,SNACK-003
9d643e88-4272-4c06-9781-a8f4eb1af3aa,SNACK-003
9d643e88-4272-4c06-9781-a8f4eb1af3aa,DRINK-003
9d643e88-4272-4c06-9781-a8f4eb1af3aa,DRINK-002
9d643e88-4272-4c06-9781-a8f4eb1af3aa,SNACK-002
9d643e88-4272-4c06-9781-a8f4eb1af3aa,MAIN-003
9d643e88-4272-4c06-9781-a8f4eb1af3aa,SNACK-004
9d643e88-4272-4c06-9781-a8f4eb1af3aa,MAIN-001
9d643e88-4272-4c06-9781-a8f4eb1af3aa,SNACK-002
9d643e88-4272-4c06-9781-a8f4eb1af3aa,SNACK-002
9d643e88-4272-4c06-9781-a8f4eb1af3aa,DRINK-005
9d643e88-4272-4c06-9781-a8f4eb1af3aa,DRINK-001
9d643e88-4272-4c06-9781-a8f4eb1af3aa,SNACK-002
9d643e88-4272-4c06-9781-a8f4eb1af3aa,SNACK-001
9d643e88-4272-4c06-9781-a8f4eb1af3aa,MAIN-003
9d643e88-4272-4c06-9781-a8f4eb1af3aa,SNACK-001
9d643e88-4272-4c06-9781-a8f4eb1af3aa,DRINK-005
9d643e88-4272-4c06-9781-a8f4eb1af3aa,MAIN-002
9d643e88-4272-4c06-9781-a8f4eb1af3aa,MAIN-002
9d643e88-4272-4c06-9781-a8f4eb1af3aa,DRINK-001
9d643e88-4272-4c06-9781-a8f4eb1af3aa,DRINK-001
9d643e88-4272-4c06-9781-a8f4eb1af3aa,MAIN-003
9d643e88-4272-4c06-9781-a8f4eb1af3aa,DRINK-001
9d643e88-4272-4c06-9781-a8f4eb1af3aa,DRINK-004
9d643e88-4272-4c06-9781-a8f4eb1af3aa,MAIN-004
9d643e88-4272-4c06-9781-a8f4eb1af3aa,MAIN-001
9d643e88-4272-4c06-9781-a8f4eb1af3aa,SNACK-004
9d643e88-4272-4c06-9781-a8f4eb1af3aa,SNACK-003
9d643e88-4272-4c06-9781-a8f4eb1af3aa,SNACK-005
9d643e88-4272-4c06-9781-a8f4eb1af3aa,SNACK-005
9d643e88-4272-4c06-9781-a8f4eb1af3aa,SNACK-005
9d643e88-4272-4c06-9781-a8f4eb1af3aa,MAIN-001
9d643e88-4272-4c06-9781-a8f4eb1af3aa,SNACK-003
9d643e88-4272-4c06-9781-a8f4eb1af3aa,DRINK-004
9d643e88-4272-4c06-9781-a8f4eb1af3aa,MAIN-004
9d643e88-4272-4c06-9781-a8f4eb1af3aa,SNACK-005
9d643e88-4272-4c06-9781-a8f4eb1af3aa,DRINK-004
9d643e88-4272-4c06-9781-a8f4eb1af3aa,DRINK-004
9d643e88-4272-4c06-9781-a8f4eb1af3aa,MAIN-004
9d643e88-4272-4c06-9781-a8f4eb1af3aa,MAIN-005
9d643e88-4272-4c06-9781-a8f4eb1af3aa,DRINK-005
9d643e88-4272-4c06-9781-a8f4eb1af3aa,MAIN-001
9d643e88-4272-4c06-9781-a8f4eb1af3aa,MAIN-004
9d643e88-4272-4c06-9781-a8f4eb1af3aa,MAIN-003
9d643e88-4272-4c06-9781-a8f4eb1af3aa,SNACK-004
9d643e88-4272-4c06-9781-a8f4eb1af3aa,DRINK-001
9d643e88-4272-4c06-9781-a8f4eb1af3aa,DRINK-005
9d643e88-4272-4c06-9781-a8f4eb1af3aa,MAIN-003
9d643e88-4272-4c06-9781-a8f4eb1af3aa,MAIN-001
9d643e88-4272-4c06-9781-a8f4eb1af3aa,SNACK-001
9d643e88-4272-4c06-9781-a8f4eb1af3aa,DRINK-001
9d643e88-4272-4c06-9781-a8f4eb1af3aa,DRINK-005
9d643e88-4272-4c06-9781-a8f4eb1af3aa,MAIN-003
9d643e88-4272-4c06-9781-a8f4eb1af3aa,DRINK-003
9d643e88-4272-4c06-9781-a8f4eb1af3aa,SNACK-003
9d643e88-4272-4c06-9781-a8f4eb1af3aa,MAIN-001
9d643e88-4272-4c06-9781-a8f4eb1af3aa,MAIN-001
9d643e88-4272-4c06-9781-a8f4eb1af3aa,SNACK-001
9d643e88-4272-4c06-9781-a8f4eb1af3aa,DRINK-003
9d643e88-4272-4c06-9781-a8f4eb1af3aa,MAIN-002
66503c8a-353a-46eb-adce-207a9a04d400,SNACK-003
66503c8a-353a-46eb-adce-207a9a04d400,SNACK-004
66503c8a-353a-46eb-adce-207a9a04d400,DRINK-003
66503c8a-353a-46eb-adce-207a9a04d400,SNACK-001
66503c8a-353a-46eb-adce-207a9a04d400,DRINK-003
66503c8a-353a-46eb-adce-207a9a04d400,MAIN-004
66503c8a-353a-46eb-adce-207a9a04d400,MAIN-003
66503c8a-353a-46eb-adce-207a9a04d400,MAIN-001
66503c8a-353a-46eb-adce-207a9a04d400,MAIN-005
66503c8a-353a-46eb-adce-207a9a04d400,MAIN-005
66503c8a-353a-46eb-adce-207a9a04d400,SNACK-005
66503c8a-353a-46eb-adce-207a9a04d400,SNACK-002
66503c8a-353a-46eb-adce-207a9a04d400,MAIN-005
66503c8a-353a-46eb-adce-207a9a04d400,MAIN-001
66503c8a-353a-46eb-adce-207a9a04d400,MAIN-005
66503c8a-353a-46eb-adce-207a9a04d400,DRINK-004
66503c8a-353a-46eb-adce-207a9a04d400,DRINK-002
66503c8a-353a-46eb-adce-207a9a04d400,MAIN-003
66503c8a-353a-46eb-adce-207a9a04d400,DRINK-005
66503c8a-353a-46eb-adce-207a9a04d400,MAIN-004
66503c8a-353a-46eb-adce-207a9a04d400,SNACK-003
66503c8a-353a-46eb-adce-207a9a04d400,SNACK-005
66503c8a-353a-46eb-adce-207a9a04d400,MAIN-002
66503c8a-353a-46eb-adce-207a9a04d400,MAIN-002
66503c8a-353a-46eb-adce-207a9a04d400,MAIN-003
66503c8a-353a-46eb-adce-207a9a04d400,SNACK-005
66503c8a-353a-46eb-adce-207a9a04d400,MAIN-004
66503c8a-353a-46eb-adce-207a9a04d400,MAIN-004
66503c8a-353a-46eb-adce-207a9a04d400,DRINK-003
66503c8a-353a-46eb-adce-207a9a04d400,DRINK-004
66503c8a-353a-46eb-adce-207a9a04d400,SNACK-002
66503c8a-353a-46eb-adce-207a9a04d400,SNACK-002
66503c8a-353a-46eb-adce-207a9a04d400,DRINK-003
66503c8a-353a-46eb-adce-207a9a04d400,MAIN-003
66503c8a-353a-46eb-adce-207a9a04d400,SNACK-001
66503c8a-353a-46eb-adce-207a9a04d400,DRINK-004
66503c8a-353a-46eb-adce-207a9a04d400,MAIN-005
66503c8a-353a-46eb-adce-207a9a04d400,SNACK-003
66503c8a-353a-46eb-adce-207a9a04d400,SNACK-005
66503c8a-353a-46eb-adce-207a9a04d400,DRINK-004
66503c8a-353a-46eb-adce-207a9a04d400,MAIN-004
66503c8a-353a-46eb-adce-207a9a04d400,MAIN-005
66503c8a-353a-46eb-adce-207a9a04d400,MAIN-002
66503c8a-353a-46eb-adce-207a9a04d400,DRINK-003
66503c8a-353a-46eb-adce-207a9a04d400,SNACK-002
66503c8a-353a-46eb-adce-207a9a04d400,SNACK-005
66503c8a-353a-46eb-adce-207a9a04d400,DRINK-004
66503c8a-353a-46eb-adce-207a9a04d400,MAIN-003
66503c8a-353a-46eb-adce-207a9a04d400,DRINK-003
66503c8a-353a-46eb-adce-207a9a04d400,MAIN-005
66503c8a-353a-46eb-adce-207a9a04d400,DRINK-005
66503c8a-353a-46eb-adce-207a9a04d400,SNACK-002
66503c8a-353a-46eb-adce-207a9a04d400,MAIN-003
66503c8a-353a-46eb-adce-207a9a04d400,MAIN-002
66503c8a-353a-46eb-adce-207a9a04d400,SNACK-002
66503c8a-353a-46eb-adce-207a9a04d400,MAIN-004
66503c8a-353a-46eb-adce-207a9a04d400,DRINK-003
66503c8a-353a-46eb-adce-207a9a04d400,SNACK-003
66503c8a-353a-46eb-adce-207a9a04d400,MAIN-001
66503c8a-353a-46eb-adce-207a9a04d400,DRINK-003
66503c8a-353a-46eb-adce-207a9a04d400,DRINK-003
66503c8a-353a-46eb-adce-207a9a04d400,SNACK-004
66503c8a-353a-46eb-adce-207a9a04d400,SNACK-005
66503c8a-353a-46eb-adce-207a9a04d400,MAIN-004
66503c8a-353a-46eb-adce-207a9a04d400,MAIN-005
66503c8a-353a-46eb-adce-207a9a04d400,SNACK-004
66503c8a-353a-46eb-adce-207a9a04d400,MAIN-001
66503c8a-353a-46eb-adce-207a9a04d400,SNACK-005
66503c8a-353a-46eb-adce-207a9a04d400,SNACK-001
66503c8a-353a-46eb-adce-207a9a04d400,MAIN-002
66503c8a-353a-46eb-adce-207a9a04d400,SNACK-004
66503c8a-353a-46eb-adce-207a9a04d400,DRINK-003
66503c8a-353a-46eb-adce-207a9a04d400,SNACK-003
66503c8a-353a-46eb-adce-207a9a04d400,DRINK-004
66503c8a-353a-46eb-adce-207a9a04d400,SNACK-004
66503c8a-353a-46eb-adce-207a9a04d400,SNACK-005
66503c8a-353a-46eb-adce-207a9a04d400,DRINK-004
66503c8a-353a-46eb-adce-207a9a04d400,DRINK-001
66503c8a-353a-46eb-adce-207a9a04d400,DRINK-002
66503c8a-353a-46eb-adce-207a9a04d400,MAIN-002
66503c8a-353a-46eb-adce-207a9a04d400,MAIN-002
66503c8a-353a-46eb-adce-207a9a04d400,MAIN-004
66503c8a-353a-46eb-adce-207a9a04d400,SNACK-001
66503c8a-353a-46eb-adce-207a9a04d400,DRINK-004
404f5520-c326-4dbd-b8a1-d4fe014982d5,SNACK-005
404f5520-c326-4dbd-b8a1-d4fe014982d5,SNACK-003
404f5520-c326-4dbd-b8a1-d4fe014982d5,MAIN-003
404f5520-c326-4dbd-b8a1-d4fe014982d5,SNACK-001
404f5520-c326-4dbd-b8a1-d4fe014982d5,MAIN-004
404f5520-c326-4dbd-b8a1-d4fe014982d5,MAIN-001
350c3473-2e81-4355-95a3-748b2f74d16b,MAIN-003
350c3473-2e81-4355-95a3-748b2f74d16b,MAIN-001
350c3473-2e81-4355-95a3-748b2f74d16b,MAIN-005
350c3473-2e81-4355-95a3-748b2f74d16b,SNACK-005
350c3473-2e81-4355-95a3-748b2f74d16b,DRINK-005
350c3473-2e81-4355-95a3-748b2f74d16b,SNACK-003
350c3473-2e81-4355-95a3-748b2f74d16b,DRINK-003
350c3473-2e81-4355-95a3-748b2f74d16b,SNACK-001
350c3473-2e81-4355-95a3-748b2f74d16b,DRINK-003
350c3473-2e81-4355-95a3-748b2f74d16b,MAIN-002
350c3473-2e81-4355-95a3-748b2f74d16b,DRINK-001
350c3473-2e81-4355-95a3-748b2f74d16b,DRINK-003
350c3473-2e81-4355-95a3-748b2f74d16b,SNACK-002
350c3473-2e81-4355-95a3-748b2f74d16b,SNACK-005
350c3473-2e81-4355-95a3-748b2f74d16b,DRINK-001
350c3473-2e81-4355-95a3-748b2f74d16b,DRINK-003
350c3473-2e81-4355-95a3-748b2f74d16b,SNACK-003
350c3473-2e81-4355-95a3-748b2f74d16b,SNACK-002
350c3473-2e81-4355-95a3-748b2f74d16b,MAIN-004
4fcf455a-09fb-43ba-a73e-98f1b1a961ee,DRINK-004
4fcf455a-09fb-43ba-a73e-98f1b1a961ee,MAIN-003
4fcf455a-09fb-43ba-a73e-98f1b1a961ee,SNACK-003
4fcf455a-09fb-43ba-a73e-98f1b1a961ee,MAIN-002
4fcf455a-09fb-43ba-a73e-98f1b1a961ee,MAIN-005
4fcf455a-09fb-43ba-a73e-98f1b1a961ee,SNACK-002
4fcf455a-09fb-43ba-a73e-98f1b1a961ee,DRINK-005
4fcf455a-09fb-43ba-a73e-98f1b1a961ee,DRINK-003
4fcf455a-09fb-43ba-a73e-98f1b1a961ee,MAIN-005
4fcf455a-09fb-43ba-a73e-98f1b1a961ee,SNACK-001
4fcf455a-09fb-43ba-a73e-98f1b1a961ee,SNACK-001
4fcf455a-09fb-43ba-a73e-98f1b1a961ee,DRINK-005
4fcf455a-09fb-43ba-a73e-98f1b1a961ee,SNACK-001
4fcf455a-09fb-43ba-a73e-98f1b1a961ee,SNACK-003
4fcf455a-09fb-43ba-a73e-98f1b1a961ee,SNACK-001
4fcf455a-09fb-43ba-a73e-98f1b1a961ee,MAIN-002
4fcf455a-09fb-43ba-a73e-98f1b1a961ee,DRINK-003
4fcf455a-09fb-43ba-a73e-98f1b1a961ee,DRINK-003
4fcf455a-09fb-43ba-a73e-98f1b1a961ee,SNACK-005
4fcf455a-09fb-43ba-a73e-98f1b1a961ee,MAIN-004
4fcf455a-09fb-43ba-a73e-98f1b1a961ee,MAIN-001
4fcf455a-09fb-43ba-a73e-98f1b1a961ee,SNACK-003
4fcf455a-09fb-43ba-a73e-98f1b1a961ee,SNACK-002
4fcf455a-09fb-43ba-a73e-98f1b1a961ee,MAIN-004
4fcf455a-09fb-43ba-a73e-98f1b1a961ee,SNACK-001
4fcf455a-09fb-43ba-a73e-98f1b1a961ee,MAIN-002
87e3b09d-9dda-43cc-81be-a00cc418520a,MAIN-005
87e3b09d-9dda-43cc-81be-a00cc418520a,DRINK-003
87e3b09d-9dda-43cc-81be-a00cc418520a,DRINK-003
87e3b09d-9dda-43cc-81be-a00cc418520a,MAIN-005
87e3b09d-9dda-43cc-81be-a00cc418520a,MAIN-003
87e3b09d-9dda-43cc-81be-a00cc418520a,SNACK-004
87e3b09d-9dda-43cc-81be-a00cc418520a,MAIN-004
87e3b09d-9dda-43cc-81be-a00cc418520a,DRINK-002
87e3b09d-9dda-43cc-81be-a00cc418520a,SNACK-004
87e3b09d-9dda-43cc-81be-a00cc418520a,DRINK-001
87e3b09d-9dda-43cc-81be-a00cc418520a,DRINK-002
87e3b09d-9dda-43cc-81be-a00cc418520a,MAIN-001
87e3b09d-9dda-43cc-81be-a00cc418520a,MAIN-001
87e3b09d-9dda-43cc-81be-a00cc418520a,SNACK-001
87e3b09d-9dda-43cc-81be-a00cc418520a,DRINK-001
87e3b09d-9dda-43cc-81be-a00cc418520a,SNACK-004
87e3b09d-9dda-43cc-81be-a00cc418520a,DRINK-004
87e3b09d-9dda-43cc-81be-a00cc418520a,MAIN-004
87e3b09d-9dda-43cc-81be-a00cc418520a,MAIN-005
87e3b09d-9dda-43cc-81be-a00cc418520a,DRINK-003
87e3b09d-9dda-43cc-81be-a00cc418520a,DRINK-001
87e3b09d-9dda-43cc-81be-a00cc418520a,DRINK-005
87e3b09d-9dda-43cc-81be-a00cc418520a,MAIN-004
87e3b09d-9dda-43cc-81be-a00cc418520a,SNACK-002
87e3b09d-9dda-43cc-81be-a00cc418520a,DRINK-004
87e3b09d-9dda-43cc-81be-a00cc418520a,MAIN-002
87e3b09d-9dda-43cc-81be-a00cc418520a,MAIN-002
87e3b09d-9dda-43cc-81be-a00cc418520a,SNACK-004
87e3b09d-9dda-43cc-81be-a00cc418520a,MAIN-003
87e3b09d-9dda-43cc-81be-a00cc418520a,MAIN-004
87e3b09d-9dda-43cc-81be-a00cc418520a,SNACK-004
87e3b09d-9dda-43cc-81be-a00cc418520a,MAIN-001
87e3b09d-9dda-43cc-81be-a00cc418520a,DRINK-003
87e3b09d-9dda-43cc-81be-a00cc418520a,SNACK-005
87e3b09d-9dda-43cc-81be-a00cc418520a,MAIN-001
87e3b09d-9dda-43cc-81be-a00cc418520a,MAIN-005
87e3b09d-9dda-43cc-81be-a00cc418520a,MAIN-003
87e3b09d-9dda-43cc-81be-a00cc418520a,DRINK-001
87e3b09d-9dda-43cc-81be-a00cc418520a,MAIN-005
87e3b09d-9dda-43cc-81be-a00cc418520a,SNACK-004
87e3b09d-9dda-43cc-81be-a00cc418520a,MAIN-001
87e3b09d-9dda-43cc-81be-a00cc418520a,DRINK-002
87e3b09d-9dda-43cc-81be-a00cc418520a,DRINK-003
87e3b09d-9dda-43cc-81be-a00cc418520a,SNACK-004
87e3b09d-9dda-43cc-81be-a00cc418520a,MAIN-004
87e3b09d-9dda-43cc-81be-a00cc418520a,MAIN-003
87e3b09d-9dda-43cc-81be-a00cc418520a,SNACK-005
87e3b09d-9dda-43cc-81be-a00cc418520a,DRINK-005
87e3b09d-9dda-43cc-81be-a00cc418520a,DRINK-004
87e3b09d-9dda-43cc-81be-a00cc418520a,SNACK-002
87e3b09d-9dda-43cc-81be-a00cc418520a,MAIN-004
87e3b09d-9dda-43cc-81be-a00cc418520a,SNACK-001
87e3b09d-9dda-43cc-81be-a00cc418520a,MAIN-003
87e3b09d-9dda-43cc-81be-a00cc418520a,DRINK-001
87e3b09d-9dda-43cc-81be-a00cc418520a,SNACK-003
87e3b09d-9dda-43cc-81be-a00cc418520a,DRINK-001
87e3b09d-9dda-43cc-81be-a00cc418520a,DRINK-002
87e3b09d-9dda-43cc-81be-a00cc418520a,SNACK-002
87e3b09d-9dda-43cc-81be-a00cc418520a,DRINK-001
87e3b09d-9dda-43cc-81be-a00cc418520a,DRINK-004
87e3b09d-9dda-43cc-81be-a00cc418520a,MAIN-004
87e3b09d-9dda-43cc-81be-a00cc418520a,DRINK-002
87e3b09d-9dda-43cc-81be-a00cc418520a,DRINK-002
87e3b09d-9dda-43cc-81be-a00cc418520a,MAIN-003
87e3b09d-9dda-43cc-81be-a00cc418520a,DRINK-003
87e3b09d-9dda-43cc-81be-a00cc418520a,DRINK-004
87e3b09d-9dda-43cc-81be-a00cc418520a,SNACK-004
87e3b09d-9dda-43cc-81be-a00cc418520a,MAIN-004
87e3b09d-9dda-43cc-81be-a00cc418520a,MAIN-005
87e3b09d-9dda-43cc-81be-a00cc418520a,MAIN-005
87e3b09d-9dda-43cc-81be-a00cc418520a,MAIN-003
87e3b09d-9dda-43cc-81be-a00cc418520a,SNACK-004
87e3b09d-9dda-43cc-81be-a00cc418520a,SNACK-005
87e3b09d-9dda-43cc-81be-a00cc418520a,DRINK-004
87e3b09d-9dda-43cc-81be-a00cc418520a,SNACK-001
87e3b09d-9dda-43cc-81be-a00cc418520a,SNACK-004
87e3b09d-9dda-43cc-81be-a00cc418520a,MAIN-001
87e3b09d-9dda-43cc-81be-a00cc418520a,MAIN-002
87e3b09d-9dda-43cc-81be-a00cc418520a,SNACK-005
8da0c096-a8d2-4861-bc8e-b3bbeacd97ba,DRINK-002
8da0c096-a8d2-4861-bc8e-b3bbeacd97ba,SNACK-005
8da0c096-a8d2-4861-bc8e-b3bbeacd97ba,SNACK-004
8da0c096-a8d2-4861-bc8e-b3bbeacd97ba,MAIN-004
8da0c096-a8d2-4861-bc8e-b3bbeacd97ba,DRINK-002
8da0c096-a8d2-4861-bc8e-b3bbeacd97ba,MAIN-001
8da0c096-a8d2-4861-bc8e-b3bbeacd97ba,MAIN-005
8da0c096-a8d2-4861-bc8e-b3bbeacd97ba,DRINK-004
8da0c096-a8d2-4861-bc8e-b3bbeacd97ba,MAIN-004
8da0c096-a8d2-4861-bc8e-b3bbeacd97ba,SNACK-002
8da0c096-a8d2-4861-bc8e-b3bbeacd97ba,MAIN-004
8da0c096-a8d2-4861-bc8e-b3bbeacd97ba,MAIN-005
8da0c096-a8d2-4861-bc8e-b3bbeacd97ba,SNACK-002
8da0c096-a8d2-4861-bc8e-b3bbeacd97ba,DRINK-005
8da0c096-a8d2-4861-bc8e-b3bbeacd97ba,DRINK-005
8da0c096-a8d2-4861-bc8e-b3bbeacd97ba,DRINK-003
8da0c096-a8d2-4861-bc8e-b3bbeacd97ba,DRINK-005
8da0c096-a8d2-4861-bc8e-b3bbeacd97ba,DRINK-003
8da0c096-a8d2-4861-bc8e-b3bbeacd97ba,SNACK-004
8da0c096-a8d2-4861-bc8e-b3bbeacd97ba,SNACK-005
8da0c096-a8d2-4861-bc8e-b3bbeacd97ba,DRINK-002
8da0c096-a8d2-4861-bc8e-b3bbeacd97ba,DRINK-001
8da0c096-a8d2-4861-bc8e-b3bbeacd97ba,MAIN-002
8da0c096-a8d2-4861-bc8e-b3bbeacd97ba,DRINK-002
8da0c096-a8d2-4861-bc8e-b3bbeacd97ba,SNACK-004
8da0c096-a8d2-4861-bc8e-b3bbeacd97ba,MAIN-001
8da0c096-a8d2-4861-bc8e-b3bbeacd97ba,MAIN-001
8da0c096-a8d2-4861-bc8e-b3bbeacd97ba,SNACK-001
8da0c096-a8d2-4861-bc8e-b3bbeacd97ba,MAIN-002
8da0c096-a8d2-4861-bc8e-b3bbeacd97ba,DRINK-002
8da0c096-a8d2-4861-bc8e-b3bbeacd97ba,DRINK-005
8da0c096-a8d2-4861-bc8e-b3bbeacd97ba,DRINK-001
8da0c096-a8d2-4861-bc8e-b3bbeacd97ba,MAIN-002
8da0c096-a8d2-4861-bc8e-b3bbeacd97ba,MAIN-002
8da0c096-a8d2-4861-bc8e-b3bbeacd97ba,SNACK-005
8da0c096-a8d2-4861-bc8e-b3bbeacd97ba,MAIN-005
98e73799-3dc7-4e6b-84f5-44693d62dffd,DRINK-001
98e73799-3dc7-4e6b-84f5-44693d62dffd,SNACK-005
98e73799-3dc7-4e6b-84f5-44693d62dffd,MAIN-002
98e73799-3dc7-4e6b-84f5-44693d62dffd,DRINK-002
98e73799-3dc7-4e6b-84f5-44693d62dffd,SNACK-005
98e73799-3dc7-4e6b-84f5-44693d62dffd,MAIN-003
98e73799-3dc7-4e6b-84f5-44693d62dffd,MAIN-001
98e73799-3dc7-4e6b-84f5-44693d62dffd,DRINK-003
98e73799-3dc7-4e6b-84f5-44693d62dffd,SNACK-004
98e73799-3dc7-4e6b-84f5-44693d62dffd,DRINK-005
98e73799-3dc7-4e6b-84f5-44693d62dffd,SNACK-002
98e73799-3dc7-4e6b-84f5-44693d62dffd,DRINK-003
98e73799-3dc7-4e6b-84f5-44693d62dffd,DRINK-003
98e73799-3dc7-4e6b-84f5-44693d62dffd,DRINK-001
98e73799-3dc7-4e6b-84f5-44693d62dffd,SNACK-005
98e73799-3dc7-4e6b-84f5-44693d62dffd,SNACK-003
98e73799-3dc7-4e6b-84f5-44693d62dffd,SNACK-003
98e73799-3dc7-4e6b-84f5-44693d62dffd,SNACK-005
98e73799-3dc7-4e6b-84f5-44693d62dffd,SNACK-004
98e73799-3dc7-4e6b-84f5-44693d62dffd,DRINK-001
98e73799-3dc7-4e6b-84f5-44693d62dffd,SNACK-003
98e73799-3dc7-4e6b-84f5-44693d62dffd,SNACK-004
98e73799-3dc7-4e6b-84f5-44693d62dffd,DRINK-002
98e73799-3dc7-4e6b-84f5-44693d62dffd,DRINK-001
98e73799-3dc7-4e6b-84f5-44693d62dffd,MAIN-001
98e73799-3dc7-4e6b-84f5-44693d62dffd,MAIN-005
98e73799-3dc7-4e6b-84f5-44693d62dffd,SNACK-003
98e73799-3dc7-4e6b-84f5-44693d62dffd,MAIN-005
98e73799-3dc7-4e6b-84f5-44693d62dffd,SNACK-004
98e73799-3dc7-4e6b-84f5-44693d62dffd,SNACK-001
98e73799-3dc7-4e6b-84f5-44693d62dffd,DRINK-003
98e73799-3dc7-4e6b-84f5-44693d62dffd,DRINK-005
98e73799-3dc7-4e6b-84f5-44693d62dffd,MAIN-003
98e73799-3dc7-4e6b-84f5-44693d62dffd,MAIN-005
98e73799-3dc7-4e6b-84f5-44693d62dffd,SNACK-004
98e73799-3dc7-4e6b-84f5-44693d62dffd,MAIN-004
98e73799-3dc7-4e6b-84f5-44693d62dffd,MAIN-002
98e73799-3dc7-4e6b-84f5-44693d62dffd,SNACK-004
98e73799-3dc7-4e6b-84f5-44693d62dffd,SNACK-002
98e73799-3dc7-4e6b-84f5-44693d62dffd,DRINK-001
98e73799-3dc7-4e6b-84f5-44693d62dffd,SNACK-001
98e73799-3dc7-4e6b-84f5-44693d62dffd,MAIN-002
98e73799-3dc7-4e6b-84f5-44693d62dffd,MAIN-005
98e73799-3dc7-4e6b-84f5-44693d62dffd,SNACK-004
98e73799-3dc7-4e6b-84f5-44693d62dffd,DRINK-001
98e73799-3dc7-4e6b-84f5-44693d62dffd,SNACK-004
98e73799-3dc7-4e6b-84f5-44693d62dffd,MAIN-002
98e73799-3dc7-4e6b-84f5-44693d62dffd,MAIN-003
98e73799-3dc7-4e6b-84f5-44693d62dffd,MAIN-001
98e73799-3dc7-4e6b-84f5-44693d62dffd,DRINK-004
98e73799-3dc7-4e6b-84f5-44693d62dffd,DRINK-001
98e73799-3dc7-4e6b-84f5-44693d62dffd,DRINK-004
98e73799-3dc7-4e6b-84f5-44693d62dffd,SNACK-001
98e73799-3dc7-4e6b-84f5-44693d62dffd,SNACK-004
86a91cd4-17d5-4ed3-b7bc-c8a8bf72fa89,MAIN-005
86a91cd4-17d5-4ed3-b7bc-c8a8bf72fa89,DRINK-003
86a91cd4-17d5-4ed3-b7bc-c8a8bf72fa89,MAIN-002
86a91cd4-17d5-4ed3-b7bc-c8a8bf72fa89,MAIN-005
86a91cd4-17d5-4ed3-b7bc-c8a8bf72fa89,SNACK-003
86a91cd4-17d5-4ed3-b7bc-c8a8bf72fa89,SNACK-002
86a91cd4-17d5-4ed3-b7bc-c8a8bf72fa89,DRINK-004
86a91cd4-17d5-4ed3-b7bc-c8a8bf72fa89,MAIN-004
86a91cd4-17d5-4ed3-b7bc-c8a8bf72fa89,DRINK-002
86a91cd4-17d5-4ed3-b7bc-c8a8bf72fa89,MAIN-001
86a91cd4-17d5-4ed3-b7bc-c8a8bf72fa89,MAIN-001
86a91cd4-17d5-4ed3-b7bc-c8a8bf72fa89,DRINK-001
86a91cd4-17d5-4ed3-b7bc-c8a8bf72fa89,DRINK-004
86a91cd4-17d5-4ed3-b7bc-c8a8bf72fa89,DRINK-005
86a91cd4-17d5-4ed3-b7bc-c8a8bf72fa89,MAIN-002
86a91cd4-17d5-4ed3-b7bc-c8a8bf72fa89,SNACK-001
86a91cd4-17d5-4ed3-b7bc-c8a8bf72fa89,DRINK-004
86a91cd4-17d5-4ed3-b7bc-c8a8bf72fa89,MAIN-002
86a91cd4-17d5-4ed3-b7bc-c8a8bf72fa89,DRINK-003
86a91cd4-17d5-4ed3-b7bc-c8a8bf72fa89,DRINK-001
86a91cd4-17d5-4ed3-b7bc-c8a8bf72fa89,DRINK-004
86a91cd4-17d5-4ed3-b7bc-c8a8bf72fa89,MAIN-003
86a91cd4-17d5-4ed3-b7bc-c8a8bf72fa89,SNACK-003
86a91cd4-17d5-4ed3-b7bc-c8a8bf72fa89,SNACK-004
86a91cd4-17d5-4ed3-b7bc-c8a8bf72fa89,DRINK-003
86a91cd4-17d5-4ed3-b7bc-c8a8bf72fa89,MAIN-003
86a91cd4-17d5-4ed3-b7bc-c8a8bf72fa89,DRINK-005
86a91cd4-17d5-4ed3-b7bc-c8a8bf72fa89,MAIN-005
86a91cd4-17d5-4ed3-b7bc-c8a8bf72fa89,SNACK-002
86a91cd4-17d5-4ed3-b7bc-c8a8bf72fa89,DRINK-003
86a91cd4-17d5-4ed3-b7bc-c8a8bf72fa89,SNACK-002
86a91cd4-17d5-4ed3-b7bc-c8a8bf72fa89,SNACK-005
86a91cd4-17d5-4ed3-b7bc-c8a8bf72fa89,MAIN-002
86a91cd4-17d5-4ed3-b7bc-c8a8bf72fa89,SNACK-002
86a91cd4-17d5-4ed3-b7bc-c8a8bf72fa89,MAIN-003
86a91cd4-17d5-4ed3-b7bc-c8a8bf72fa89,DRINK-005
86a91cd4-17d5-4ed3-b7bc-c8a8bf72fa89,DRINK-002
86a91cd4-17d5-4ed3-b7bc-c8a8bf72fa89,MAIN-003
86a91cd4-17d5-4ed3-b7bc-c8a8bf72fa89,SNACK-002
86a91cd4-17d5-4ed3-b7bc-c8a8bf72fa89,SNACK-001
86a91cd4-17d5-4ed3-b7bc-c8a8bf72fa89,MAIN-005
86a91cd4-17d5-4ed3-b7bc-c8a8bf72fa89,MAIN-003
86a91cd4-17d5-4ed3-b7bc-c8a8bf72fa89,DRINK-003
86a91cd4-17d5-4ed3-b7bc-c8a8bf72fa89,DRINK-001
86a91cd4-17d5-4ed3-b7bc-c8a8bf72fa89,DRINK-002
86a91cd4-17d5-4ed3-b7bc-c8a8bf72fa89,SNACK-002
86a91cd4-17d5-4ed3-b7bc-c8a8bf72fa89,MAIN-003
86a91cd4-17d5-4ed3-b7bc-c8a8bf72fa89,SNACK-001
86a91cd4-17d5-4ed3-b7bc-c8a8bf72fa89,SNACK-001
86a91cd4-17d5-4ed3-b7bc-c8a8bf72fa89,SNACK-001
86a91cd4-17d5-4ed3-b7bc-c8a8bf72fa89,DRINK-004
86a91cd4-17d5-4ed3-b7bc-c8a8bf72fa89,SNACK-002
86a91cd4-17d5-4ed3-b7bc-c8a8bf72fa89,MAIN-004
86a91cd4-17d5-4ed3-b7bc-c8a8bf72fa89,SNACK-001
86a91cd4-17d5-4ed3-b7bc-c8a8bf72fa89,DRINK-005
86a91cd4-17d5-4ed3-b7bc-c8a8bf72fa89,SNACK-003
86a91cd4-17d5-4ed3-b7bc-c8a8bf72fa89,DRINK-004
86a91cd4-17d5-4ed3-b7bc-c8a8bf72fa89,SNACK-002
86a91cd4-17d5-4ed3-b7bc-c8a8bf72fa89,SNACK-003
86a91cd4-17d5-4ed3-b7bc-c8a8bf72fa89,MAIN-001
86a91cd4-17d5-4ed3-b7bc-c8a8bf72fa89,DRINK-005
86a91cd4-17d5-4ed3-b7bc-c8a8bf72fa89,MAIN-001
0bc36a34-40fa-405f-af44-ef048fd0118f,DRINK-001
0bc36a34-40fa-405f-af44-ef048fd0118f,MAIN-002
0bc36a34-40fa-405f-af44-ef048fd0118f,DRINK-002
0bc36a34-40fa-405f-af44-ef048fd0118f,SNACK-001
0bc36a34-40fa-405f-af44-ef048fd0118f,SNACK-003
0bc36a34-40fa-405f-af44-ef048fd0118f,MAIN-002
0bc36a34-40fa-405f-af44-ef048fd0118f,MAIN-005
0bc36a34-40fa-405f-af44-ef048fd0118f,DRINK-003
0bc36a34-40fa-405f-af44-ef048fd0118f,MAIN-003
0bc36a34-40fa-405f-af44-ef048fd0118f,MAIN-001
0bc36a34-40fa-405f-af44-ef048fd0118f,SNACK-004
0bc36a34-40fa-405f-af44-ef048fd0118f,DRINK-003
0bc36a34-40fa-405f-af44-ef048fd0118f,MAIN-002
0bc36a34-40fa-405f-af44-ef048fd0118f,DRINK-004
0bc36a34-40fa-405f-af44-ef048fd0118f,DRINK-003
0bc36a34-40fa-405f-af44-ef048fd0118f,MAIN-001
0bc36a34-40fa-405f-af44-ef048fd0118f,SNACK-003
0bc36a34-40fa-405f-af44-ef048fd0118f,DRINK-001
0bc36a34-40fa-405f-af44-ef048fd0118f,DRINK-002
0bc36a34-40fa-405f-af44-ef048fd0118f,SNACK-002
0bc36a34-40fa-405f-af44-ef048fd0118f,DRINK-003
0bc36a34-40fa-405f-af44-ef048fd0118f,DRINK-003
0bc36a34-40fa-405f-af44-ef048fd0118f,SNACK-001
0bc36a34-40fa-405f-af44-ef048fd0118f,MAIN-003
0bc36a34-40fa-405f-af44-ef048fd0118f,DRINK-003
0bc36a34-40fa-405f-af44-ef048fd0118f,DRINK-002
0bc36a34-40fa-405f-af44-ef048fd0118f,MAIN-005
0bc36a34-40fa-405f-af44-ef048fd0118f,DRINK-001
0bc36a34-40fa-405f-af44-ef048fd0118f,SNACK-004
0bc36a34-40fa-405f-af44-ef048fd0118f,MAIN-004
0bc36a34-40fa-405f-af44-ef048fd0118f,SNACK-001
0bc36a34-40fa-405f-af44-ef048fd0118f,MAIN-002
0bc36a34-40fa-405f-af44-ef048fd0118f,MAIN-002
0bc36a34-40fa-405f-af44-ef048fd0118f,SNACK-002
0bc36a34-40fa-405f-af44-ef048fd0118f,SNACK-002
0bc36a34-40fa-405f-af44-ef048fd0118f,SNACK-004
0bc36a34-40fa-405f-af44-ef048fd0118f,MAIN-004
0bc36a34-40fa-405f-af44-ef048fd0118f,SNACK-005
0bc36a34-40fa-405f-af44-ef048fd0118f,MAIN-003
0bc36a34-40fa-405f-af44-ef048fd0118f,DRINK-002
0bc36a34-40fa-405f-af44-ef048fd0118f,SNACK-002
0bc36a34-40fa-405f-af44-ef048fd0118f,MAIN-003
0bc36a34-40fa-405f-af44-ef048fd0118f,MAIN-003
0bc36a34-40fa-405f-af44-ef048fd0118f,DRINK-005
0bc36a34-40fa-405f-af44-ef048fd0118f,MAIN-001
0bc36a34-40fa-405f-af44-ef048fd0118f,SNACK-004
0bc36a34-40fa-405f-af44-ef048fd0118f,DRINK-004
0bc36a34-40fa-405f-af44-ef048fd0118f,MAIN-003
0bc36a34-40fa-405f-af44-ef048fd0118f,MAIN-004
0bc36a34-40fa-405f-af44-ef048fd0118f,DRINK-002
0bc36a34-40fa-405f-af44-ef048fd0118f,MAIN-002
0bc36a34-40fa-405f-af44-ef048fd0118f,SNACK-003
0bc36a34-40fa-405f-af44-ef048fd0118f,MAIN-002
